flagged,separator_row,side,bar_height_frac,region_mean,region_bright_frac,excluded_as_known_false_positive,file
False,,,0.0,,,False,000000.npy
False,,,0.0,,,False,000001.npy
False,,,0.0,,,False,000002.npy
False,,,0.0,,,False,000003.npy
False,,,0.0,,,False,000004.npy
False,,,0.0,,,False,000005.npy
False,,,0.0,,,False,000006.npy
True,201.0,below,0.2109375,0.9468939304351807,0.9385127314814815,False,000007.npy
False,,,0.0,,,False,000008.npy
False,,,0.0,,,False,000009.npy
False,,,0.0,,,False,000010.npy
False,,,0.0,,,False,000011.npy
False,,,0.0,,,False,000012.npy
False,,,0.0,,,False,000013.npy
False,,,0.0,,,False,000014.npy
False,,,0.0,,,False,000015.npy
False,,,0.0,,,False,000016.npy
False,,,0.0,,,False,000017.npy
False,,,0.0,,,False,000018.npy
False,,,0.0,,,False,000019.npy
False,,,0.0,,,False,000020.npy
False,,,0.0,,,False,000021.npy
False,,,0.0,,,False,000022.npy
False,,,0.0,,,False,000023.npy
False,,,0.0,,,False,000024.npy
False,,,0.0,,,False,000025.npy
False,,,0.0,,,False,000026.npy
False,,,0.0,,,False,000027.npy
False,,,0.0,,,False,000028.npy
False,,,0.0,,,False,000029.npy
False,,,0.0,,,False,000030.npy
False,,,0.0,,,False,000031.npy
False,,,0.0,,,False,000032.npy
False,,,0.0,,,False,000033.npy
False,,,0.0,,,False,000034.npy
False,,,0.0,,,False,000035.npy
False,,,0.0,,,False,000036.npy
False,,,0.0,,,False,000037.npy
False,,,0.0,,,False,000038.npy
False,,,0.0,,,False,000039.npy
False,,,0.0,,,False,000040.npy
False,,,0.0,,,False,000041.npy
False,,,0.0,,,False,000042.npy
False,,,0.0,,,False,000043.npy
False,,,0.0,,,False,000044.npy
False,,,0.0,,,False,000045.npy
False,,,0.0,,,False,000046.npy
False,,,0.0,,,False,000047.npy
False,,,0.0,,,False,000048.npy
False,,,0.0,,,False,000049.npy
False,,,0.0,,,False,000050.npy
False,,,0.0,,,False,000051.npy
False,,,0.0,,,False,000052.npy
False,,,0.0,,,False,000053.npy
False,,,0.0,,,False,000054.npy
False,,,0.0,,,False,000055.npy
False,,,0.0,,,False,000056.npy
False,,,0.0,,,False,000057.npy
False,,,0.0,,,False,000058.npy
False,,,0.0,,,False,000059.npy
False,,,0.0,,,False,000060.npy
False,,,0.0,,,False,000061.npy
False,,,0.0,,,False,000062.npy
False,,,0.0,,,False,000063.npy
False,,,0.0,,,False,000064.npy
False,,,0.0,,,False,000065.npy
False,,,0.0,,,False,000066.npy
False,,,0.0,,,False,000067.npy
False,,,0.0,,,False,000068.npy
False,,,0.0,,,False,000069.npy
False,,,0.0,,,False,000070.npy
False,,,0.0,,,False,000071.npy
False,,,0.0,,,False,000072.npy
False,,,0.0,,,False,000073.npy
False,,,0.0,,,False,000074.npy
False,,,0.0,,,False,000075.npy
False,,,0.0,,,False,000076.npy
False,,,0.0,,,False,000077.npy
False,,,0.0,,,False,000078.npy
False,,,0.0,,,False,000079.npy
False,,,0.0,,,False,000080.npy
False,,,0.0,,,False,000081.npy
False,,,0.0,,,False,000082.npy
False,,,0.0,,,False,000083.npy
False,,,0.0,,,False,000084.npy
False,,,0.0,,,False,000085.npy
False,,,0.0,,,False,000086.npy
False,,,0.0,,,False,000087.npy
False,,,0.0,,,False,000088.npy
False,,,0.0,,,False,000089.npy
False,,,0.0,,,False,000090.npy
False,,,0.0,,,False,000091.npy
False,,,0.0,,,False,000092.npy
False,,,0.0,,,False,000093.npy
False,,,0.0,,,False,000094.npy
False,,,0.0,,,False,000095.npy
False,,,0.0,,,False,000096.npy
False,,,0.0,,,False,000097.npy
False,,,0.0,,,False,000098.npy
False,,,0.0,,,False,000099.npy
False,,,0.0,,,False,000100.npy
False,,,0.0,,,False,000101.npy
False,,,0.0,,,False,000102.npy
False,,,0.0,,,False,000103.npy
False,,,0.0,,,False,000104.npy
False,,,0.0,,,False,000105.npy
False,,,0.0,,,False,000106.npy
False,,,0.0,,,False,000107.npy
False,,,0.0,,,False,000108.npy
False,,,0.0,,,False,000109.npy
False,,,0.0,,,False,000110.npy
False,,,0.0,,,False,000111.npy
False,,,0.0,,,False,000112.npy
False,,,0.0,,,False,000113.npy
False,,,0.0,,,False,000114.npy
False,,,0.0,,,False,000115.npy
False,,,0.0,,,False,000116.npy
False,,,0.0,,,False,000117.npy
False,,,0.0,,,False,000118.npy
False,,,0.0,,,False,000119.npy
False,,,0.0,,,False,000120.npy
False,,,0.0,,,False,000121.npy
False,,,0.0,,,False,000122.npy
False,,,0.0,,,False,000123.npy
False,,,0.0,,,False,000124.npy
False,,,0.0,,,False,000125.npy
False,,,0.0,,,False,000126.npy
False,,,0.0,,,False,000127.npy
False,,,0.0,,,False,000128.npy
False,,,0.0,,,False,000129.npy
False,,,0.0,,,False,000130.npy
False,,,0.0,,,False,000131.npy
False,,,0.0,,,False,000132.npy
False,,,0.0,,,False,000133.npy
False,,,0.0,,,False,000134.npy
False,,,0.0,,,False,000135.npy
False,,,0.0,,,False,000136.npy
False,,,0.0,,,False,000137.npy
False,,,0.0,,,False,000138.npy
False,,,0.0,,,False,000139.npy
False,,,0.0,,,False,000140.npy
False,,,0.0,,,False,000141.npy
False,,,0.0,,,False,000142.npy
False,,,0.0,,,False,000143.npy
False,,,0.0,,,False,000144.npy
False,,,0.0,,,False,000145.npy
False,,,0.0,,,False,000146.npy
False,,,0.0,,,False,000147.npy
False,,,0.0,,,False,000148.npy
False,,,0.0,,,False,000149.npy
False,,,0.0,,,False,000150.npy
False,,,0.0,,,False,000151.npy
False,,,0.0,,,False,000152.npy
False,,,0.0,,,False,000153.npy
False,,,0.0,,,False,000154.npy
False,,,0.0,,,False,000155.npy
False,,,0.0,,,False,000156.npy
False,,,0.0,,,False,000157.npy
False,,,0.0,,,False,000158.npy
False,,,0.0,,,False,000159.npy
False,,,0.0,,,False,000160.npy
False,,,0.0,,,False,000161.npy
False,,,0.0,,,False,000162.npy
False,,,0.0,,,False,000163.npy
False,,,0.0,,,False,000164.npy
False,,,0.0,,,False,000165.npy
False,,,0.0,,,False,000166.npy
False,,,0.0,,,False,000167.npy
False,,,0.0,,,False,000168.npy
False,,,0.0,,,False,000169.npy
False,,,0.0,,,False,000170.npy
False,,,0.0,,,False,000171.npy
False,,,0.0,,,False,000172.npy
False,,,0.0,,,False,000173.npy
False,,,0.0,,,False,000174.npy
False,,,0.0,,,False,000175.npy
False,,,0.0,,,False,000176.npy
False,,,0.0,,,False,000177.npy
False,,,0.0,,,False,000178.npy
False,,,0.0,,,False,000179.npy
False,,,0.0,,,False,000180.npy
False,,,0.0,,,False,000181.npy
False,,,0.0,,,False,000182.npy
False,,,0.0,,,False,000183.npy
False,,,0.0,,,False,000184.npy
False,,,0.0,,,False,000185.npy
False,,,0.0,,,False,000186.npy
False,,,0.0,,,False,000187.npy
False,,,0.0,,,False,000188.npy
False,,,0.0,,,False,000189.npy
False,,,0.0,,,False,000190.npy
False,,,0.0,,,False,000191.npy
False,,,0.0,,,False,000192.npy
False,,,0.0,,,False,000193.npy
False,,,0.0,,,False,000194.npy
False,,,0.0,,,False,000195.npy
False,,,0.0,,,False,000196.npy
False,,,0.0,,,False,000197.npy
False,,,0.0,,,False,000198.npy
False,,,0.0,,,False,000199.npy
False,,,0.0,,,False,000200.npy
False,,,0.0,,,False,000201.npy
False,,,0.0,,,False,000202.npy
False,,,0.0,,,False,000203.npy
False,,,0.0,,,False,000204.npy
False,,,0.0,,,False,000205.npy
False,,,0.0,,,False,000206.npy
False,,,0.0,,,False,000207.npy
False,,,0.0,,,False,000208.npy
False,,,0.0,,,False,000209.npy
False,,,0.0,,,False,000210.npy
False,,,0.0,,,False,000211.npy
False,,,0.0,,,False,000212.npy
False,,,0.0,,,False,000213.npy
False,,,0.0,,,False,000214.npy
False,,,0.0,,,False,000215.npy
False,,,0.0,,,False,000216.npy
False,,,0.0,,,False,000217.npy
False,,,0.0,,,False,000218.npy
False,,,0.0,,,False,000219.npy
False,,,0.0,,,False,000220.npy
False,,,0.0,,,False,000221.npy
False,,,0.0,,,False,000222.npy
False,,,0.0,,,False,000223.npy
False,,,0.0,,,False,000224.npy
False,,,0.0,,,False,000225.npy
False,,,0.0,,,False,000226.npy
False,,,0.0,,,False,000227.npy
False,,,0.0,,,False,000228.npy
False,,,0.0,,,False,000229.npy
False,,,0.0,,,False,000230.npy
False,,,0.0,,,False,000231.npy
False,,,0.0,,,False,000232.npy
False,,,0.0,,,False,000233.npy
False,,,0.0,,,False,000234.npy
False,,,0.0,,,False,000235.npy
False,,,0.0,,,False,000236.npy
False,,,0.0,,,False,000237.npy
False,,,0.0,,,False,000238.npy
False,,,0.0,,,False,000239.npy
False,,,0.0,,,False,000240.npy
False,,,0.0,,,False,000241.npy
False,,,0.0,,,False,000242.npy
False,,,0.0,,,False,000243.npy
False,,,0.0,,,False,000244.npy
False,,,0.0,,,False,000245.npy
False,,,0.0,,,False,000246.npy
False,,,0.0,,,False,000247.npy
False,,,0.0,,,False,000248.npy
False,,,0.0,,,False,000249.npy
False,,,0.0,,,False,000250.npy
False,,,0.0,,,False,000251.npy
False,,,0.0,,,False,000252.npy
False,,,0.0,,,False,000253.npy
False,,,0.0,,,False,000254.npy
False,,,0.0,,,False,000255.npy
False,,,0.0,,,False,000256.npy
False,,,0.0,,,False,000257.npy
False,,,0.0,,,False,000258.npy
False,,,0.0,,,False,000259.npy
False,,,0.0,,,False,000260.npy
False,,,0.0,,,False,000261.npy
False,,,0.0,,,False,000262.npy
False,,,0.0,,,False,000263.npy
False,,,0.0,,,False,000264.npy
False,,,0.0,,,False,000265.npy
False,,,0.0,,,False,000266.npy
False,,,0.0,,,False,000267.npy
False,,,0.0,,,False,000268.npy
False,,,0.0,,,False,000269.npy
False,,,0.0,,,False,000270.npy
False,,,0.0,,,False,000271.npy
False,,,0.0,,,False,000272.npy
False,,,0.0,,,False,000273.npy
False,,,0.0,,,False,000274.npy
False,,,0.0,,,False,000275.npy
False,,,0.0,,,False,000276.npy
False,,,0.0,,,False,000277.npy
False,,,0.0,,,False,000278.npy
False,,,0.0,,,False,000279.npy
False,,,0.0,,,False,000280.npy
False,,,0.0,,,False,000281.npy
False,,,0.0,,,False,000282.npy
False,,,0.0,,,False,000283.npy
False,,,0.0,,,False,000284.npy
False,,,0.0,,,False,000285.npy
False,,,0.0,,,False,000286.npy
False,,,0.0,,,False,000287.npy
False,,,0.0,,,False,000288.npy
False,,,0.0,,,False,000289.npy
False,,,0.0,,,False,000290.npy
False,,,0.0,,,False,000291.npy
False,,,0.0,,,False,000292.npy
False,,,0.0,,,False,000293.npy
False,,,0.0,,,False,000294.npy
False,,,0.0,,,False,000295.npy
False,,,0.0,,,False,000296.npy
False,,,0.0,,,False,000297.npy
False,,,0.0,,,False,000298.npy
False,,,0.0,,,False,000299.npy
False,,,0.0,,,False,000300.npy
False,,,0.0,,,False,000301.npy
False,,,0.0,,,False,000302.npy
False,,,0.0,,,False,000303.npy
False,,,0.0,,,False,000304.npy
False,,,0.0,,,False,000305.npy
False,,,0.0,,,False,000306.npy
False,,,0.0,,,False,000307.npy
False,,,0.0,,,False,000308.npy
False,,,0.0,,,False,000309.npy
False,,,0.0,,,False,000310.npy
False,,,0.0,,,False,000311.npy
False,,,0.0,,,False,000312.npy
False,,,0.0,,,False,000313.npy
False,,,0.0,,,False,000314.npy
False,,,0.0,,,False,000315.npy
False,,,0.0,,,False,000316.npy
False,,,0.0,,,False,000317.npy
False,,,0.0,,,False,000318.npy
False,,,0.0,,,False,000319.npy
False,,,0.0,,,False,000320.npy
False,,,0.0,,,False,000321.npy
False,,,0.0,,,False,000322.npy
False,,,0.0,,,False,000323.npy
False,,,0.0,,,False,000324.npy
False,,,0.0,,,False,000325.npy
False,,,0.0,,,False,000326.npy
False,,,0.0,,,False,000327.npy
False,,,0.0,,,False,000328.npy
False,,,0.0,,,False,000329.npy
False,,,0.0,,,False,000330.npy
False,,,0.0,,,False,000331.npy
False,,,0.0,,,False,000332.npy
False,,,0.0,,,False,000333.npy
False,,,0.0,,,False,000334.npy
False,,,0.0,,,False,000335.npy
False,,,0.0,,,False,000336.npy
False,,,0.0,,,False,000337.npy
False,,,0.0,,,False,000338.npy
False,,,0.0,,,False,000339.npy
False,,,0.0,,,False,000340.npy
False,,,0.0,,,False,000341.npy
False,,,0.0,,,False,000342.npy
False,,,0.0,,,False,000343.npy
False,,,0.0,,,False,000344.npy
False,,,0.0,,,False,000345.npy
False,,,0.0,,,False,000346.npy
False,,,0.0,,,False,000347.npy
False,,,0.0,,,False,000348.npy
False,,,0.0,,,False,000349.npy
False,,,0.0,,,False,000350.npy
False,,,0.0,,,False,000351.npy
False,,,0.0,,,False,000352.npy
False,,,0.0,,,False,000353.npy
False,,,0.0,,,False,000354.npy
False,,,0.0,,,False,000355.npy
False,,,0.0,,,False,000356.npy
False,,,0.0,,,False,000357.npy
False,,,0.0,,,False,000358.npy
False,,,0.0,,,False,000359.npy
False,,,0.0,,,False,000360.npy
False,,,0.0,,,False,000361.npy
False,,,0.0,,,False,000362.npy
False,,,0.0,,,False,000363.npy
False,,,0.0,,,False,000364.npy
False,,,0.0,,,False,000365.npy
False,,,0.0,,,False,000366.npy
False,,,0.0,,,False,000367.npy
False,,,0.0,,,False,000368.npy
False,,,0.0,,,False,000369.npy
False,,,0.0,,,False,000370.npy
False,,,0.0,,,False,000371.npy
False,,,0.0,,,False,000372.npy
False,,,0.0,,,False,000373.npy
False,,,0.0,,,False,000374.npy
False,,,0.0,,,False,000375.npy
False,,,0.0,,,False,000376.npy
False,,,0.0,,,False,000377.npy
False,,,0.0,,,False,000378.npy
False,,,0.0,,,False,000379.npy
False,,,0.0,,,False,000380.npy
False,,,0.0,,,False,000381.npy
False,,,0.0,,,False,000382.npy
False,,,0.0,,,False,000383.npy
False,,,0.0,,,False,000384.npy
False,,,0.0,,,False,000385.npy
False,,,0.0,,,False,000386.npy
False,,,0.0,,,False,000387.npy
False,,,0.0,,,False,000388.npy
False,,,0.0,,,False,000389.npy
False,,,0.0,,,False,000390.npy
False,,,0.0,,,False,000391.npy
False,,,0.0,,,False,000392.npy
False,,,0.0,,,False,000393.npy
False,,,0.0,,,False,000394.npy
False,,,0.0,,,False,000395.npy
False,,,0.0,,,False,000396.npy
False,,,0.0,,,False,000397.npy
False,,,0.0,,,False,000398.npy
False,,,0.0,,,False,000399.npy
False,,,0.0,,,False,000400.npy
False,,,0.0,,,False,000401.npy
False,,,0.0,,,False,000402.npy
False,,,0.0,,,False,000403.npy
False,,,0.0,,,False,000404.npy
False,,,0.0,,,False,000405.npy
False,,,0.0,,,False,000406.npy
False,,,0.0,,,False,000407.npy
False,,,0.0,,,False,000408.npy
False,,,0.0,,,False,000409.npy
False,,,0.0,,,False,000410.npy
False,,,0.0,,,False,000411.npy
False,,,0.0,,,False,000412.npy
False,,,0.0,,,False,000413.npy
False,,,0.0,,,False,000414.npy
False,,,0.0,,,False,000415.npy
False,,,0.0,,,False,000416.npy
False,,,0.0,,,False,000417.npy
False,,,0.0,,,False,000418.npy
False,,,0.0,,,False,000419.npy
False,,,0.0,,,False,000420.npy
False,,,0.0,,,False,000421.npy
False,,,0.0,,,False,000422.npy
False,,,0.0,,,False,000423.npy
False,,,0.0,,,False,000424.npy
False,,,0.0,,,False,000425.npy
False,,,0.0,,,False,000426.npy
False,,,0.0,,,False,000427.npy
False,,,0.0,,,False,000428.npy
False,,,0.0,,,False,000429.npy
False,,,0.0,,,False,000430.npy
False,,,0.0,,,False,000431.npy
False,,,0.0,,,False,000432.npy
False,,,0.0,,,False,000433.npy
False,,,0.0,,,False,000434.npy
False,,,0.0,,,False,000435.npy
False,,,0.0,,,False,000436.npy
False,,,0.0,,,False,000437.npy
False,,,0.0,,,False,000438.npy
False,,,0.0,,,False,000439.npy
False,,,0.0,,,False,000440.npy
False,,,0.0,,,False,000441.npy
False,,,0.0,,,False,000442.npy
False,,,0.0,,,False,000443.npy
False,,,0.0,,,False,000444.npy
False,,,0.0,,,False,000445.npy
False,,,0.0,,,False,000446.npy
False,,,0.0,,,False,000447.npy
False,,,0.0,,,False,000448.npy
False,,,0.0,,,False,000449.npy
False,,,0.0,,,False,000450.npy
False,,,0.0,,,False,000451.npy
False,,,0.0,,,False,000452.npy
False,,,0.0,,,False,000453.npy
False,,,0.0,,,False,000454.npy
False,,,0.0,,,False,000455.npy
False,,,0.0,,,False,000456.npy
False,,,0.0,,,False,000457.npy
False,,,0.0,,,False,000458.npy
False,,,0.0,,,False,000459.npy
False,,,0.0,,,False,000460.npy
False,,,0.0,,,False,000461.npy
False,,,0.0,,,False,000462.npy
False,,,0.0,,,False,000463.npy
False,,,0.0,,,False,000464.npy
False,,,0.0,,,False,000465.npy
False,,,0.0,,,False,000466.npy
False,,,0.0,,,False,000467.npy
False,,,0.0,,,False,000468.npy
False,,,0.0,,,False,000469.npy
False,,,0.0,,,False,000470.npy
False,,,0.0,,,False,000471.npy
False,,,0.0,,,False,000472.npy
False,,,0.0,,,False,000473.npy
False,,,0.0,,,False,000474.npy
False,,,0.0,,,False,000475.npy
False,,,0.0,,,False,000476.npy
False,,,0.0,,,False,000477.npy
False,,,0.0,,,False,000478.npy
False,,,0.0,,,False,000479.npy
False,,,0.0,,,False,000480.npy
False,,,0.0,,,False,000481.npy
False,,,0.0,,,False,000482.npy
False,,,0.0,,,False,000483.npy
False,,,0.0,,,False,000484.npy
False,,,0.0,,,False,000485.npy
False,,,0.0,,,False,000486.npy
False,,,0.0,,,False,000487.npy
False,,,0.0,,,False,000488.npy
False,,,0.0,,,False,000489.npy
False,,,0.0,,,False,000490.npy
False,,,0.0,,,False,000491.npy
False,,,0.0,,,False,000492.npy
False,,,0.0,,,False,000493.npy
False,,,0.0,,,False,000494.npy
False,,,0.0,,,False,000495.npy
False,,,0.0,,,False,000496.npy
False,,,0.0,,,False,000497.npy
False,,,0.0,,,False,000498.npy
False,,,0.0,,,False,000499.npy
False,,,0.0,,,False,000500.npy
False,,,0.0,,,False,000501.npy
False,,,0.0,,,False,000502.npy
False,,,0.0,,,False,000503.npy
False,,,0.0,,,False,000504.npy
False,,,0.0,,,False,000505.npy
False,,,0.0,,,False,000506.npy
False,,,0.0,,,False,000507.npy
False,,,0.0,,,False,000508.npy
False,,,0.0,,,False,000509.npy
False,,,0.0,,,False,000510.npy
False,,,0.0,,,False,000511.npy
False,,,0.0,,,False,000512.npy
False,,,0.0,,,False,000513.npy
False,,,0.0,,,False,000514.npy
False,,,0.0,,,False,000515.npy
False,,,0.0,,,False,000516.npy
False,,,0.0,,,False,000517.npy
False,,,0.0,,,False,000518.npy
False,,,0.0,,,False,000519.npy
False,,,0.0,,,False,000520.npy
False,,,0.0,,,False,000521.npy
False,,,0.0,,,False,000522.npy
False,,,0.0,,,False,000523.npy
False,,,0.0,,,False,000524.npy
False,,,0.0,,,False,000525.npy
False,,,0.0,,,False,000526.npy
False,,,0.0,,,False,000527.npy
False,,,0.0,,,False,000528.npy
False,,,0.0,,,False,000529.npy
False,,,0.0,,,False,000530.npy
False,,,0.0,,,False,000531.npy
False,,,0.0,,,False,000532.npy
False,,,0.0,,,False,000533.npy
False,,,0.0,,,False,000534.npy
False,,,0.0,,,False,000535.npy
False,,,0.0,,,False,000536.npy
False,,,0.0,,,False,000537.npy
False,,,0.0,,,False,000538.npy
False,,,0.0,,,False,000539.npy
False,,,0.0,,,False,000540.npy
False,,,0.0,,,False,000541.npy
False,,,0.0,,,False,000542.npy
False,,,0.0,,,False,000543.npy
False,,,0.0,,,False,000544.npy
False,,,0.0,,,False,000545.npy
False,,,0.0,,,False,000546.npy
False,,,0.0,,,False,000547.npy
False,,,0.0,,,False,000548.npy
False,,,0.0,,,False,000549.npy
False,,,0.0,,,False,000550.npy
False,,,0.0,,,False,000551.npy
False,,,0.0,,,False,000552.npy
False,,,0.0,,,False,000553.npy
False,,,0.0,,,False,000554.npy
False,,,0.0,,,False,000555.npy
False,,,0.0,,,False,000556.npy
False,,,0.0,,,False,000557.npy
False,,,0.0,,,False,000558.npy
False,,,0.0,,,False,000559.npy
False,,,0.0,,,False,000560.npy
False,,,0.0,,,False,000561.npy
False,,,0.0,,,False,000562.npy
False,,,0.0,,,False,000563.npy
False,,,0.0,,,False,000564.npy
False,,,0.0,,,False,000565.npy
False,,,0.0,,,False,000566.npy
False,,,0.0,,,False,000567.npy
False,,,0.0,,,False,000568.npy
False,,,0.0,,,False,000569.npy
False,,,0.0,,,False,000570.npy
False,,,0.0,,,False,000571.npy
False,,,0.0,,,False,000572.npy
False,,,0.0,,,False,000573.npy
False,,,0.0,,,False,000574.npy
False,,,0.0,,,False,000575.npy
False,,,0.0,,,False,000576.npy
False,,,0.0,,,False,000577.npy
False,,,0.0,,,False,000578.npy
False,,,0.0,,,False,000579.npy
False,,,0.0,,,False,000580.npy
False,,,0.0,,,False,000581.npy
False,,,0.0,,,False,000582.npy
False,,,0.0,,,False,000583.npy
False,,,0.0,,,False,000584.npy
False,,,0.0,,,False,000585.npy
False,,,0.0,,,False,000586.npy
False,,,0.0,,,False,000587.npy
False,,,0.0,,,False,000588.npy
False,,,0.0,,,False,000589.npy
False,,,0.0,,,False,000590.npy
False,,,0.0,,,False,000591.npy
False,,,0.0,,,False,000592.npy
False,,,0.0,,,False,000593.npy
False,,,0.0,,,False,000594.npy
False,,,0.0,,,False,000595.npy
False,,,0.0,,,False,000596.npy
False,,,0.0,,,False,000597.npy
False,,,0.0,,,False,000598.npy
False,,,0.0,,,False,000599.npy
False,,,0.0,,,False,000600.npy
False,,,0.0,,,False,000601.npy
False,,,0.0,,,False,000602.npy
False,,,0.0,,,False,000603.npy
False,,,0.0,,,False,000604.npy
False,,,0.0,,,False,000605.npy
False,,,0.0,,,False,000606.npy
False,,,0.0,,,False,000607.npy
False,,,0.0,,,False,000608.npy
False,,,0.0,,,False,000609.npy
False,,,0.0,,,False,000610.npy
False,,,0.0,,,False,000611.npy
False,,,0.0,,,False,000612.npy
False,,,0.0,,,False,000613.npy
False,,,0.0,,,False,000614.npy
False,,,0.0,,,False,000615.npy
False,,,0.0,,,False,000616.npy
False,,,0.0,,,False,000617.npy
False,,,0.0,,,False,000618.npy
False,,,0.0,,,False,000619.npy
False,,,0.0,,,False,000620.npy
False,,,0.0,,,False,000621.npy
False,,,0.0,,,False,000622.npy
False,,,0.0,,,False,000623.npy
False,,,0.0,,,False,000624.npy
False,,,0.0,,,False,000625.npy
False,,,0.0,,,False,000626.npy
False,,,0.0,,,False,000627.npy
False,,,0.0,,,False,000628.npy
False,,,0.0,,,False,000629.npy
False,,,0.0,,,False,000630.npy
False,,,0.0,,,False,000631.npy
False,,,0.0,,,False,000632.npy
False,,,0.0,,,False,000633.npy
False,,,0.0,,,False,000634.npy
False,,,0.0,,,False,000635.npy
False,,,0.0,,,False,000636.npy
False,,,0.0,,,False,000637.npy
False,,,0.0,,,False,000638.npy
False,,,0.0,,,False,000639.npy
False,,,0.0,,,False,000640.npy
False,,,0.0,,,False,000641.npy
False,,,0.0,,,False,000642.npy
False,,,0.0,,,False,000643.npy
False,,,0.0,,,False,000644.npy
False,,,0.0,,,False,000645.npy
False,,,0.0,,,False,000646.npy
False,,,0.0,,,False,000647.npy
False,,,0.0,,,False,000648.npy
False,,,0.0,,,False,000649.npy
False,,,0.0,,,False,000650.npy
False,,,0.0,,,False,000651.npy
False,,,0.0,,,False,000652.npy
False,,,0.0,,,False,000653.npy
False,,,0.0,,,False,000654.npy
False,,,0.0,,,False,000655.npy
False,,,0.0,,,False,000656.npy
False,,,0.0,,,False,000657.npy
False,,,0.0,,,False,000658.npy
False,,,0.0,,,False,000659.npy
False,,,0.0,,,False,000660.npy
False,,,0.0,,,False,000661.npy
False,,,0.0,,,False,000662.npy
False,,,0.0,,,False,000663.npy
False,,,0.0,,,False,000664.npy
False,,,0.0,,,False,000665.npy
False,,,0.0,,,False,000666.npy
False,,,0.0,,,False,000667.npy
False,,,0.0,,,False,000668.npy
False,,,0.0,,,False,000669.npy
False,,,0.0,,,False,000670.npy
False,,,0.0,,,False,000671.npy
False,,,0.0,,,False,000672.npy
False,,,0.0,,,False,000673.npy
False,,,0.0,,,False,000674.npy
False,,,0.0,,,False,000675.npy
False,,,0.0,,,False,000676.npy
False,,,0.0,,,False,000677.npy
False,,,0.0,,,False,000678.npy
False,,,0.0,,,False,000679.npy
False,,,0.0,,,False,000680.npy
False,,,0.0,,,False,000681.npy
False,,,0.0,,,False,000682.npy
False,,,0.0,,,False,000683.npy
False,,,0.0,,,False,000684.npy
False,,,0.0,,,False,000685.npy
False,,,0.0,,,False,000686.npy
False,,,0.0,,,False,000687.npy
False,,,0.0,,,False,000688.npy
False,,,0.0,,,False,000689.npy
False,,,0.0,,,False,000690.npy
False,,,0.0,,,False,000691.npy
False,,,0.0,,,False,000692.npy
False,,,0.0,,,False,000693.npy
False,,,0.0,,,False,000694.npy
False,,,0.0,,,False,000695.npy
False,,,0.0,,,False,000696.npy
False,,,0.0,,,False,000697.npy
False,,,0.0,,,False,000698.npy
False,,,0.0,,,False,000699.npy
False,,,0.0,,,False,000700.npy
False,,,0.0,,,False,000701.npy
False,,,0.0,,,False,000702.npy
False,,,0.0,,,False,000703.npy
False,,,0.0,,,False,000704.npy
False,,,0.0,,,False,000705.npy
False,,,0.0,,,False,000706.npy
False,,,0.0,,,False,000707.npy
False,,,0.0,,,False,000708.npy
False,,,0.0,,,False,000709.npy
False,,,0.0,,,False,000710.npy
False,,,0.0,,,False,000711.npy
False,,,0.0,,,False,000712.npy
False,,,0.0,,,False,000713.npy
False,,,0.0,,,False,000714.npy
False,,,0.0,,,False,000715.npy
False,,,0.0,,,False,000716.npy
False,,,0.0,,,False,000717.npy
False,,,0.0,,,False,000718.npy
False,,,0.0,,,False,000719.npy
False,,,0.0,,,False,000720.npy
False,,,0.0,,,False,000721.npy
False,,,0.0,,,False,000722.npy
False,,,0.0,,,False,000723.npy
False,,,0.0,,,False,000724.npy
False,,,0.0,,,False,000725.npy
False,,,0.0,,,False,000726.npy
False,,,0.0,,,False,000727.npy
False,,,0.0,,,False,000728.npy
False,,,0.0,,,False,000729.npy
False,,,0.0,,,False,000730.npy
False,,,0.0,,,False,000731.npy
False,,,0.0,,,False,000732.npy
False,,,0.0,,,False,000733.npy
False,,,0.0,,,False,000734.npy
False,,,0.0,,,False,000735.npy
False,,,0.0,,,False,000736.npy
False,,,0.0,,,False,000737.npy
False,,,0.0,,,False,000738.npy
False,,,0.0,,,False,000739.npy
False,,,0.0,,,False,000740.npy
False,,,0.0,,,False,000741.npy
False,,,0.0,,,False,000742.npy
False,,,0.0,,,False,000743.npy
False,,,0.0,,,False,000744.npy
False,,,0.0,,,False,000745.npy
False,,,0.0,,,False,000746.npy
False,,,0.0,,,False,000747.npy
False,,,0.0,,,False,000748.npy
False,,,0.0,,,False,000749.npy
False,,,0.0,,,False,000750.npy
False,,,0.0,,,False,000751.npy
False,,,0.0,,,False,000752.npy
False,,,0.0,,,False,000753.npy
False,,,0.0,,,False,000754.npy
False,,,0.0,,,False,000755.npy
False,,,0.0,,,False,000756.npy
False,,,0.0,,,False,000757.npy
False,,,0.0,,,False,000758.npy
False,,,0.0,,,False,000759.npy
False,,,0.0,,,False,000760.npy
False,,,0.0,,,False,000761.npy
False,,,0.0,,,False,000762.npy
False,,,0.0,,,False,000763.npy
False,,,0.0,,,False,000764.npy
False,,,0.0,,,False,000765.npy
False,,,0.0,,,False,000766.npy
False,,,0.0,,,False,000767.npy
False,,,0.0,,,False,000768.npy
False,,,0.0,,,False,000769.npy
False,,,0.0,,,False,000770.npy
False,,,0.0,,,False,000771.npy
False,,,0.0,,,False,000772.npy
False,,,0.0,,,False,000773.npy
False,,,0.0,,,False,000774.npy
False,,,0.0,,,False,000775.npy
False,,,0.0,,,False,000776.npy
False,,,0.0,,,False,000777.npy
False,,,0.0,,,False,000778.npy
False,,,0.0,,,False,000779.npy
False,,,0.0,,,False,000780.npy
False,,,0.0,,,False,000781.npy
False,,,0.0,,,False,000782.npy
False,,,0.0,,,False,000783.npy
False,,,0.0,,,False,000784.npy
False,,,0.0,,,False,000785.npy
False,,,0.0,,,False,000786.npy
False,,,0.0,,,False,000787.npy
False,,,0.0,,,False,000788.npy
False,,,0.0,,,False,000789.npy
False,,,0.0,,,False,000790.npy
False,,,0.0,,,False,000791.npy
False,,,0.0,,,False,000792.npy
False,,,0.0,,,False,000793.npy
False,,,0.0,,,False,000794.npy
False,,,0.0,,,False,000795.npy
False,,,0.0,,,False,000796.npy
False,,,0.0,,,False,000797.npy
False,,,0.0,,,False,000798.npy
False,,,0.0,,,False,000799.npy
False,,,0.0,,,False,000800.npy
False,,,0.0,,,False,000801.npy
False,,,0.0,,,False,000802.npy
False,,,0.0,,,False,000803.npy
False,,,0.0,,,False,000804.npy
False,,,0.0,,,False,000805.npy
False,,,0.0,,,False,000806.npy
False,,,0.0,,,False,000807.npy
False,,,0.0,,,False,000808.npy
False,,,0.0,,,False,000809.npy
False,,,0.0,,,False,000810.npy
False,,,0.0,,,False,000811.npy
False,,,0.0,,,False,000812.npy
False,,,0.0,,,False,000813.npy
False,,,0.0,,,False,000814.npy
False,,,0.0,,,False,000815.npy
False,,,0.0,,,False,000816.npy
False,,,0.0,,,False,000817.npy
False,,,0.0,,,False,000818.npy
False,,,0.0,,,False,000819.npy
False,,,0.0,,,False,000820.npy
False,,,0.0,,,False,000821.npy
False,,,0.0,,,False,000822.npy
False,,,0.0,,,False,000823.npy
False,,,0.0,,,False,000824.npy
False,,,0.0,,,False,000825.npy
False,,,0.0,,,False,000826.npy
False,,,0.0,,,False,000827.npy
False,,,0.0,,,False,000828.npy
False,,,0.0,,,False,000829.npy
False,,,0.0,,,False,000830.npy
False,,,0.0,,,False,000831.npy
False,,,0.0,,,False,000832.npy
False,,,0.0,,,False,000833.npy
False,,,0.0,,,False,000834.npy
False,,,0.0,,,False,000835.npy
False,,,0.0,,,False,000836.npy
False,,,0.0,,,False,000837.npy
False,,,0.0,,,False,000838.npy
False,,,0.0,,,False,000839.npy
False,,,0.0,,,False,000840.npy
False,,,0.0,,,False,000841.npy
False,,,0.0,,,False,000842.npy
False,,,0.0,,,False,000843.npy
False,,,0.0,,,False,000844.npy
False,,,0.0,,,False,000845.npy
False,,,0.0,,,False,000846.npy
False,,,0.0,,,False,000847.npy
False,,,0.0,,,False,000848.npy
False,,,0.0,,,False,000849.npy
False,,,0.0,,,False,000850.npy
False,,,0.0,,,False,000851.npy
False,,,0.0,,,False,000852.npy
False,,,0.0,,,False,000853.npy
False,,,0.0,,,False,000854.npy
False,,,0.0,,,False,000855.npy
False,,,0.0,,,False,000856.npy
False,,,0.0,,,False,000857.npy
False,,,0.0,,,False,000858.npy
False,,,0.0,,,False,000859.npy
False,,,0.0,,,False,000860.npy
False,,,0.0,,,False,000861.npy
False,,,0.0,,,False,000862.npy
False,,,0.0,,,False,000863.npy
False,,,0.0,,,False,000864.npy
False,,,0.0,,,False,000865.npy
False,,,0.0,,,False,000866.npy
False,,,0.0,,,False,000867.npy
False,,,0.0,,,False,000868.npy
False,,,0.0,,,False,000869.npy
False,,,0.0,,,False,000870.npy
False,,,0.0,,,False,000871.npy
False,,,0.0,,,False,000872.npy
False,,,0.0,,,False,000873.npy
False,,,0.0,,,False,000874.npy
False,,,0.0,,,False,000875.npy
False,,,0.0,,,False,000876.npy
False,,,0.0,,,False,000877.npy
False,,,0.0,,,False,000878.npy
False,,,0.0,,,False,000879.npy
False,,,0.0,,,False,000880.npy
False,,,0.0,,,False,000881.npy
False,,,0.0,,,False,000882.npy
False,,,0.0,,,False,000883.npy
False,,,0.0,,,False,000884.npy
False,,,0.0,,,False,000885.npy
False,,,0.0,,,False,000886.npy
False,,,0.0,,,False,000887.npy
False,,,0.0,,,False,000888.npy
False,,,0.0,,,False,000889.npy
False,,,0.0,,,False,000890.npy
False,,,0.0,,,False,000891.npy
False,,,0.0,,,False,000892.npy
False,,,0.0,,,False,000893.npy
False,,,0.0,,,False,000894.npy
False,,,0.0,,,False,000895.npy
False,,,0.0,,,False,000896.npy
False,,,0.0,,,False,000897.npy
False,,,0.0,,,False,000898.npy
False,,,0.0,,,False,000899.npy
False,,,0.0,,,False,000900.npy
False,,,0.0,,,False,000901.npy
False,,,0.0,,,False,000902.npy
False,,,0.0,,,False,000903.npy
False,,,0.0,,,False,000904.npy
False,,,0.0,,,False,000905.npy
False,,,0.0,,,False,000906.npy
False,,,0.0,,,False,000907.npy
False,,,0.0,,,False,000908.npy
False,,,0.0,,,False,000909.npy
False,,,0.0,,,False,000910.npy
False,,,0.0,,,False,000911.npy
False,,,0.0,,,False,000912.npy
False,,,0.0,,,False,000913.npy
False,,,0.0,,,False,000914.npy
False,,,0.0,,,False,000915.npy
False,,,0.0,,,False,000916.npy
False,,,0.0,,,False,000917.npy
False,,,0.0,,,False,000918.npy
False,,,0.0,,,False,000919.npy
False,,,0.0,,,False,000920.npy
False,,,0.0,,,False,000921.npy
False,,,0.0,,,False,000922.npy
False,,,0.0,,,False,000923.npy
False,,,0.0,,,False,000924.npy
False,,,0.0,,,False,000925.npy
False,,,0.0,,,False,000926.npy
False,,,0.0,,,False,000927.npy
False,,,0.0,,,False,000928.npy
False,,,0.0,,,False,000929.npy
False,,,0.0,,,False,000930.npy
False,,,0.0,,,False,000931.npy
False,,,0.0,,,False,000932.npy
False,,,0.0,,,False,000933.npy
True,196.0,below,0.23046875,0.9462538957595825,0.9373675847457628,False,000934.npy
False,,,0.0,,,False,000935.npy
False,,,0.0,,,False,000936.npy
False,,,0.0,,,False,000937.npy
False,,,0.0,,,False,000938.npy
False,,,0.0,,,False,000939.npy
False,,,0.0,,,False,000940.npy
False,,,0.0,,,False,000941.npy
False,,,0.0,,,False,000942.npy
False,,,0.0,,,False,000943.npy
False,,,0.0,,,False,000944.npy
False,,,0.0,,,False,000945.npy
False,,,0.0,,,False,000946.npy
False,,,0.0,,,False,000947.npy
False,,,0.0,,,False,000948.npy
False,,,0.0,,,False,000949.npy
False,,,0.0,,,False,000950.npy
False,,,0.0,,,False,000951.npy
False,,,0.0,,,False,000952.npy
False,,,0.0,,,False,000953.npy
False,,,0.0,,,False,000954.npy
False,,,0.0,,,False,000955.npy
False,,,0.0,,,False,000956.npy
False,,,0.0,,,False,000957.npy
False,,,0.0,,,False,000958.npy
False,,,0.0,,,False,000959.npy
False,,,0.0,,,False,000960.npy
False,,,0.0,,,False,000961.npy
False,,,0.0,,,False,000962.npy
False,,,0.0,,,False,000963.npy
False,,,0.0,,,False,000964.npy
False,,,0.0,,,False,000965.npy
False,,,0.0,,,False,000966.npy
False,,,0.0,,,False,000967.npy
False,,,0.0,,,False,000968.npy
False,,,0.0,,,False,000969.npy
False,,,0.0,,,False,000970.npy
False,,,0.0,,,False,000971.npy
False,,,0.0,,,False,000972.npy
False,,,0.0,,,False,000973.npy
False,,,0.0,,,False,000974.npy
False,,,0.0,,,False,000975.npy
False,,,0.0,,,False,000976.npy
False,,,0.0,,,False,000977.npy
False,,,0.0,,,False,000978.npy
False,,,0.0,,,False,000979.npy
False,,,0.0,,,False,000980.npy
False,,,0.0,,,False,000981.npy
False,,,0.0,,,False,000982.npy
False,,,0.0,,,False,000983.npy
False,,,0.0,,,False,000984.npy
False,,,0.0,,,False,000985.npy
False,,,0.0,,,False,000986.npy
False,,,0.0,,,False,000987.npy
False,,,0.0,,,False,000988.npy
False,,,0.0,,,False,000989.npy
False,,,0.0,,,False,000990.npy
False,,,0.0,,,False,000991.npy
False,,,0.0,,,False,000992.npy
False,,,0.0,,,False,000993.npy
False,,,0.0,,,False,000994.npy
False,,,0.0,,,False,000995.npy
False,,,0.0,,,False,000996.npy
False,,,0.0,,,False,000997.npy
False,,,0.0,,,False,000998.npy
False,,,0.0,,,False,000999.npy
False,,,0.0,,,False,001000.npy
False,,,0.0,,,False,001001.npy
False,,,0.0,,,False,001002.npy
False,,,0.0,,,False,001003.npy
False,,,0.0,,,False,001004.npy
False,,,0.0,,,False,001005.npy
False,,,0.0,,,False,001006.npy
False,,,0.0,,,False,001007.npy
False,,,0.0,,,False,001008.npy
False,,,0.0,,,False,001009.npy
False,,,0.0,,,False,001010.npy
False,,,0.0,,,False,001011.npy
False,,,0.0,,,False,001012.npy
False,,,0.0,,,False,001013.npy
False,,,0.0,,,False,001014.npy
False,,,0.0,,,False,001015.npy
False,,,0.0,,,False,001016.npy
False,,,0.0,,,False,001017.npy
False,,,0.0,,,False,001018.npy
False,,,0.0,,,False,001019.npy
False,,,0.0,,,False,001020.npy
False,,,0.0,,,False,001021.npy
False,,,0.0,,,False,001022.npy
False,,,0.0,,,False,001023.npy
False,,,0.0,,,False,001024.npy
False,,,0.0,,,False,001025.npy
False,,,0.0,,,False,001026.npy
False,,,0.0,,,False,001027.npy
False,,,0.0,,,False,001028.npy
False,,,0.0,,,False,001029.npy
False,,,0.0,,,False,001030.npy
False,,,0.0,,,False,001031.npy
False,,,0.0,,,False,001032.npy
False,,,0.0,,,False,001033.npy
False,,,0.0,,,False,001034.npy
False,,,0.0,,,False,001035.npy
False,,,0.0,,,False,001036.npy
False,,,0.0,,,False,001037.npy
False,,,0.0,,,False,001038.npy
False,,,0.0,,,False,001039.npy
False,,,0.0,,,False,001040.npy
False,,,0.0,,,False,001041.npy
False,,,0.0,,,False,001042.npy
False,,,0.0,,,False,001043.npy
False,,,0.0,,,False,001044.npy
False,,,0.0,,,False,001045.npy
False,,,0.0,,,False,001046.npy
False,,,0.0,,,False,001047.npy
False,,,0.0,,,False,001048.npy
False,,,0.0,,,False,001049.npy
False,,,0.0,,,False,001050.npy
False,,,0.0,,,False,001051.npy
False,,,0.0,,,False,001052.npy
False,,,0.0,,,False,001053.npy
False,,,0.0,,,False,001054.npy
False,,,0.0,,,False,001055.npy
False,,,0.0,,,False,001056.npy
False,,,0.0,,,False,001057.npy
False,,,0.0,,,False,001058.npy
False,,,0.0,,,False,001059.npy
False,,,0.0,,,False,001060.npy
False,,,0.0,,,False,001061.npy
False,,,0.0,,,False,001062.npy
False,,,0.0,,,False,001063.npy
False,,,0.0,,,False,001064.npy
False,,,0.0,,,False,001065.npy
False,,,0.0,,,False,001066.npy
False,,,0.0,,,False,001067.npy
False,,,0.0,,,False,001068.npy
False,,,0.0,,,False,001069.npy
False,,,0.0,,,False,001070.npy
False,,,0.0,,,False,001071.npy
False,,,0.0,,,False,001072.npy
False,,,0.0,,,False,001073.npy
False,,,0.0,,,False,001074.npy
False,,,0.0,,,False,001075.npy
False,,,0.0,,,False,001076.npy
False,,,0.0,,,False,001077.npy
False,,,0.0,,,False,001078.npy
False,,,0.0,,,False,001079.npy
False,,,0.0,,,False,001080.npy
False,,,0.0,,,False,001081.npy
False,,,0.0,,,False,001082.npy
False,,,0.0,,,False,001083.npy
False,,,0.0,,,False,001084.npy
False,,,0.0,,,False,001085.npy
False,,,0.0,,,False,001086.npy
False,,,0.0,,,False,001087.npy
False,,,0.0,,,False,001088.npy
False,,,0.0,,,False,001089.npy
False,,,0.0,,,False,001090.npy
False,,,0.0,,,False,001091.npy
False,,,0.0,,,False,001092.npy
False,,,0.0,,,False,001093.npy
False,,,0.0,,,False,001094.npy
False,,,0.0,,,False,001095.npy
False,,,0.0,,,False,001096.npy
False,,,0.0,,,False,001097.npy
False,,,0.0,,,False,001098.npy
False,,,0.0,,,False,001099.npy
False,,,0.0,,,False,001100.npy
False,,,0.0,,,False,001101.npy
False,,,0.0,,,False,001102.npy
False,,,0.0,,,False,001103.npy
False,,,0.0,,,False,001104.npy
False,,,0.0,,,False,001105.npy
True,209.0,below,0.1796875,0.9097090363502502,0.8650645380434783,False,001106.npy
False,,,0.0,,,False,001107.npy
False,,,0.0,,,False,001108.npy
False,,,0.0,,,False,001109.npy
False,,,0.0,,,False,001110.npy
False,,,0.0,,,False,001111.npy
False,,,0.0,,,False,001112.npy
False,,,0.0,,,False,001113.npy
False,,,0.0,,,False,001114.npy
False,,,0.0,,,False,001115.npy
False,,,0.0,,,False,001116.npy
False,,,0.0,,,False,001117.npy
False,,,0.0,,,False,001118.npy
False,,,0.0,,,False,001119.npy
False,,,0.0,,,False,001120.npy
False,,,0.0,,,False,001121.npy
False,,,0.0,,,False,001122.npy
False,,,0.0,,,False,001123.npy
False,,,0.0,,,False,001124.npy
False,,,0.0,,,False,001125.npy
False,,,0.0,,,False,001126.npy
False,,,0.0,,,False,001127.npy
False,,,0.0,,,False,001128.npy
False,,,0.0,,,False,001129.npy
False,,,0.0,,,False,001130.npy
False,,,0.0,,,False,001131.npy
False,,,0.0,,,False,001132.npy
False,,,0.0,,,False,001133.npy
False,,,0.0,,,False,001134.npy
False,,,0.0,,,False,001135.npy
False,,,0.0,,,False,001136.npy
False,,,0.0,,,False,001137.npy
False,,,0.0,,,False,001138.npy
False,,,0.0,,,False,001139.npy
False,,,0.0,,,False,001140.npy
False,,,0.0,,,False,001141.npy
False,,,0.0,,,False,001142.npy
False,,,0.0,,,False,001143.npy
False,,,0.0,,,False,001144.npy
False,,,0.0,,,False,001145.npy
False,,,0.0,,,False,001146.npy
False,,,0.0,,,False,001147.npy
False,,,0.0,,,False,001148.npy
False,,,0.0,,,False,001149.npy
False,,,0.0,,,False,001150.npy
False,,,0.0,,,False,001151.npy
False,,,0.0,,,False,001152.npy
False,,,0.0,,,False,001153.npy
False,,,0.0,,,False,001154.npy
False,,,0.0,,,False,001155.npy
False,,,0.0,,,False,001156.npy
False,,,0.0,,,False,001157.npy
False,,,0.0,,,False,001158.npy
False,,,0.0,,,False,001159.npy
False,,,0.0,,,False,001160.npy
False,,,0.0,,,False,001161.npy
False,,,0.0,,,False,001162.npy
False,,,0.0,,,False,001163.npy
False,,,0.0,,,False,001164.npy
False,,,0.0,,,False,001165.npy
False,,,0.0,,,False,001166.npy
False,,,0.0,,,False,001167.npy
False,,,0.0,,,False,001168.npy
False,,,0.0,,,False,001169.npy
False,,,0.0,,,False,001170.npy
False,,,0.0,,,False,001171.npy
False,,,0.0,,,False,001172.npy
False,,,0.0,,,False,001173.npy
False,,,0.0,,,False,001174.npy
False,,,0.0,,,False,001175.npy
False,,,0.0,,,False,001176.npy
False,,,0.0,,,False,001177.npy
False,,,0.0,,,False,001178.npy
False,,,0.0,,,False,001179.npy
False,,,0.0,,,False,001180.npy
False,,,0.0,,,False,001181.npy
False,,,0.0,,,False,001182.npy
False,,,0.0,,,False,001183.npy
False,,,0.0,,,False,001184.npy
False,,,0.0,,,False,001185.npy
False,,,0.0,,,False,001186.npy
False,,,0.0,,,False,001187.npy
False,,,0.0,,,False,001188.npy
False,,,0.0,,,False,001189.npy
False,,,0.0,,,False,001190.npy
False,,,0.0,,,False,001191.npy
False,,,0.0,,,False,001192.npy
False,,,0.0,,,False,001193.npy
False,,,0.0,,,False,001194.npy
False,,,0.0,,,False,001195.npy
False,,,0.0,,,False,001196.npy
False,,,0.0,,,False,001197.npy
False,,,0.0,,,False,001198.npy
False,,,0.0,,,False,001199.npy
False,,,0.0,,,False,001200.npy
False,,,0.0,,,False,001201.npy
False,,,0.0,,,False,001202.npy
False,,,0.0,,,False,001203.npy
False,,,0.0,,,False,001204.npy
False,,,0.0,,,False,001205.npy
False,,,0.0,,,False,001206.npy
False,,,0.0,,,False,001207.npy
False,,,0.0,,,False,001208.npy
False,,,0.0,,,False,001209.npy
False,,,0.0,,,False,001210.npy
False,,,0.0,,,False,001211.npy
False,,,0.0,,,False,001212.npy
False,,,0.0,,,False,001213.npy
False,,,0.0,,,False,001214.npy
False,,,0.0,,,False,001215.npy
False,,,0.0,,,False,001216.npy
False,,,0.0,,,False,001217.npy
False,,,0.0,,,False,001218.npy
False,,,0.0,,,False,001219.npy
False,,,0.0,,,False,001220.npy
False,,,0.0,,,False,001221.npy
False,,,0.0,,,False,001222.npy
False,,,0.0,,,False,001223.npy
False,,,0.0,,,False,001224.npy
False,,,0.0,,,False,001225.npy
False,,,0.0,,,False,001226.npy
False,,,0.0,,,False,001227.npy
False,,,0.0,,,False,001228.npy
False,,,0.0,,,False,001229.npy
False,,,0.0,,,False,001230.npy
False,,,0.0,,,False,001231.npy
False,,,0.0,,,False,001232.npy
False,,,0.0,,,False,001233.npy
False,,,0.0,,,False,001234.npy
False,,,0.0,,,False,001235.npy
False,,,0.0,,,False,001236.npy
False,,,0.0,,,False,001237.npy
False,,,0.0,,,False,001238.npy
False,,,0.0,,,False,001239.npy
False,,,0.0,,,False,001240.npy
False,,,0.0,,,False,001241.npy
False,,,0.0,,,False,001242.npy
False,,,0.0,,,False,001243.npy
False,,,0.0,,,False,001244.npy
False,,,0.0,,,False,001245.npy
False,,,0.0,,,False,001246.npy
False,,,0.0,,,False,001247.npy
False,,,0.0,,,False,001248.npy
False,,,0.0,,,False,001249.npy
False,,,0.0,,,False,001250.npy
False,,,0.0,,,False,001251.npy
False,,,0.0,,,False,001252.npy
False,,,0.0,,,False,001253.npy
False,,,0.0,,,False,001254.npy
False,,,0.0,,,False,001255.npy
False,,,0.0,,,False,001256.npy
False,,,0.0,,,False,001257.npy
False,,,0.0,,,False,001258.npy
False,,,0.0,,,False,001259.npy
False,,,0.0,,,False,001260.npy
False,,,0.0,,,False,001261.npy
False,,,0.0,,,False,001262.npy
False,,,0.0,,,False,001263.npy
False,,,0.0,,,False,001264.npy
False,,,0.0,,,False,001265.npy
False,,,0.0,,,False,001266.npy
False,,,0.0,,,False,001267.npy
False,,,0.0,,,False,001268.npy
False,,,0.0,,,False,001269.npy
False,,,0.0,,,False,001270.npy
False,,,0.0,,,False,001271.npy
False,,,0.0,,,False,001272.npy
False,,,0.0,,,False,001273.npy
False,,,0.0,,,False,001274.npy
False,,,0.0,,,False,001275.npy
False,,,0.0,,,False,001276.npy
False,,,0.0,,,False,001277.npy
False,,,0.0,,,False,001278.npy
False,,,0.0,,,False,001279.npy
False,,,0.0,,,False,001280.npy
False,,,0.0,,,False,001281.npy
False,,,0.0,,,False,001282.npy
False,,,0.0,,,False,001283.npy
False,,,0.0,,,False,001284.npy
False,,,0.0,,,False,001285.npy
False,,,0.0,,,False,001286.npy
False,,,0.0,,,False,001287.npy
False,,,0.0,,,False,001288.npy
False,,,0.0,,,False,001289.npy
False,,,0.0,,,False,001290.npy
False,,,0.0,,,False,001291.npy
False,,,0.0,,,False,001292.npy
False,,,0.0,,,False,001293.npy
False,,,0.0,,,False,001294.npy
False,,,0.0,,,False,001295.npy
False,,,0.0,,,False,001296.npy
False,,,0.0,,,False,001297.npy
False,,,0.0,,,False,001298.npy
False,,,0.0,,,False,001299.npy
False,,,0.0,,,False,001300.npy
False,,,0.0,,,False,001301.npy
False,,,0.0,,,False,001302.npy
False,,,0.0,,,False,001303.npy
False,,,0.0,,,False,001304.npy
False,,,0.0,,,False,001305.npy
False,,,0.0,,,False,001306.npy
False,,,0.0,,,False,001307.npy
False,,,0.0,,,False,001308.npy
False,,,0.0,,,False,001309.npy
False,,,0.0,,,False,001310.npy
False,,,0.0,,,False,001311.npy
False,,,0.0,,,False,001312.npy
False,,,0.0,,,False,001313.npy
False,,,0.0,,,False,001314.npy
False,,,0.0,,,False,001315.npy
False,,,0.0,,,False,001316.npy
False,,,0.0,,,False,001317.npy
False,,,0.0,,,False,001318.npy
False,,,0.0,,,False,001319.npy
False,,,0.0,,,False,001320.npy
False,,,0.0,,,False,001321.npy
False,,,0.0,,,False,001322.npy
False,,,0.0,,,False,001323.npy
False,,,0.0,,,False,001324.npy
False,,,0.0,,,False,001325.npy
False,,,0.0,,,False,001326.npy
False,,,0.0,,,False,001327.npy
False,,,0.0,,,False,001328.npy
False,,,0.0,,,False,001329.npy
False,,,0.0,,,False,001330.npy
False,,,0.0,,,False,001331.npy
False,,,0.0,,,False,001332.npy
False,,,0.0,,,False,001333.npy
False,,,0.0,,,False,001334.npy
False,,,0.0,,,False,001335.npy
False,,,0.0,,,False,001336.npy
False,,,0.0,,,False,001337.npy
False,,,0.0,,,False,001338.npy
False,,,0.0,,,False,001339.npy
False,,,0.0,,,False,001340.npy
False,,,0.0,,,False,001341.npy
False,,,0.0,,,False,001342.npy
False,,,0.0,,,False,001343.npy
False,,,0.0,,,False,001344.npy
False,,,0.0,,,False,001345.npy
False,,,0.0,,,False,001346.npy
False,,,0.0,,,False,001347.npy
False,,,0.0,,,False,001348.npy
False,,,0.0,,,False,001349.npy
False,,,0.0,,,False,001350.npy
False,,,0.0,,,False,001351.npy
False,,,0.0,,,False,001352.npy
False,,,0.0,,,False,001353.npy
False,,,0.0,,,False,001354.npy
False,,,0.0,,,False,001355.npy
False,,,0.0,,,False,001356.npy
False,,,0.0,,,False,001357.npy
False,,,0.0,,,False,001358.npy
False,,,0.0,,,False,001359.npy
False,,,0.0,,,False,001360.npy
False,,,0.0,,,False,001361.npy
False,,,0.0,,,False,001362.npy
False,,,0.0,,,False,001363.npy
False,,,0.0,,,False,001364.npy
False,,,0.0,,,False,001365.npy
False,,,0.0,,,False,001366.npy
False,,,0.0,,,False,001367.npy
False,,,0.0,,,False,001368.npy
False,,,0.0,,,False,001369.npy
False,,,0.0,,,False,001370.npy
False,,,0.0,,,False,001371.npy
False,,,0.0,,,False,001372.npy
False,,,0.0,,,False,001373.npy
False,,,0.0,,,False,001374.npy
False,,,0.0,,,False,001375.npy
False,,,0.0,,,False,001376.npy
False,,,0.0,,,False,001377.npy
False,,,0.0,,,False,001378.npy
False,,,0.0,,,False,001379.npy
False,,,0.0,,,False,001380.npy
False,,,0.0,,,False,001381.npy
False,,,0.0,,,False,001382.npy
False,,,0.0,,,False,001383.npy
False,,,0.0,,,False,001384.npy
False,,,0.0,,,False,001385.npy
False,,,0.0,,,False,001386.npy
False,,,0.0,,,False,001387.npy
False,,,0.0,,,False,001388.npy
False,,,0.0,,,False,001389.npy
False,,,0.0,,,False,001390.npy
False,,,0.0,,,False,001391.npy
False,,,0.0,,,False,001392.npy
False,,,0.0,,,False,001393.npy
False,,,0.0,,,False,001394.npy
False,,,0.0,,,False,001395.npy
False,,,0.0,,,False,001396.npy
False,,,0.0,,,False,001397.npy
False,,,0.0,,,False,001398.npy
False,,,0.0,,,False,001399.npy
False,,,0.0,,,False,001400.npy
False,,,0.0,,,False,001401.npy
False,,,0.0,,,False,001402.npy
False,,,0.0,,,False,001403.npy
False,,,0.0,,,False,001404.npy
False,,,0.0,,,False,001405.npy
False,,,0.0,,,False,001406.npy
False,,,0.0,,,False,001407.npy
False,,,0.0,,,False,001408.npy
False,,,0.0,,,False,001409.npy
False,,,0.0,,,False,001410.npy
False,,,0.0,,,False,001411.npy
False,,,0.0,,,False,001412.npy
False,,,0.0,,,False,001413.npy
False,,,0.0,,,False,001414.npy
False,,,0.0,,,False,001415.npy
False,,,0.0,,,False,001416.npy
False,,,0.0,,,False,001417.npy
False,,,0.0,,,False,001418.npy
False,,,0.0,,,False,001419.npy
False,,,0.0,,,False,001420.npy
False,,,0.0,,,False,001421.npy
False,,,0.0,,,False,001422.npy
False,,,0.0,,,False,001423.npy
False,,,0.0,,,False,001424.npy
False,,,0.0,,,False,001425.npy
False,,,0.0,,,False,001426.npy
False,,,0.0,,,False,001427.npy
False,,,0.0,,,False,001428.npy
False,,,0.0,,,False,001429.npy
False,,,0.0,,,False,001430.npy
False,,,0.0,,,False,001431.npy
False,,,0.0,,,False,001432.npy
False,,,0.0,,,False,001433.npy
False,,,0.0,,,False,001434.npy
False,,,0.0,,,False,001435.npy
False,,,0.0,,,False,001436.npy
False,,,0.0,,,False,001437.npy
False,,,0.0,,,False,001438.npy
False,,,0.0,,,False,001439.npy
False,,,0.0,,,False,001440.npy
False,,,0.0,,,False,001441.npy
False,,,0.0,,,False,001442.npy
False,,,0.0,,,False,001443.npy
False,,,0.0,,,False,001444.npy
False,,,0.0,,,False,001445.npy
False,,,0.0,,,False,001446.npy
False,,,0.0,,,False,001447.npy
False,,,0.0,,,False,001448.npy
False,,,0.0,,,False,001449.npy
False,,,0.0,,,False,001450.npy
False,,,0.0,,,False,001451.npy
False,,,0.0,,,False,001452.npy
False,,,0.0,,,False,001453.npy
False,,,0.0,,,False,001454.npy
False,,,0.0,,,False,001455.npy
False,,,0.0,,,False,001456.npy
False,,,0.0,,,False,001457.npy
False,,,0.0,,,False,001458.npy
False,,,0.0,,,False,001459.npy
False,,,0.0,,,False,001460.npy
False,,,0.0,,,False,001461.npy
False,,,0.0,,,False,001462.npy
False,,,0.0,,,False,001463.npy
False,,,0.0,,,False,001464.npy
False,,,0.0,,,False,001465.npy
False,,,0.0,,,False,001466.npy
False,,,0.0,,,False,001467.npy
False,,,0.0,,,False,001468.npy
False,,,0.0,,,False,001469.npy
False,,,0.0,,,False,001470.npy
False,,,0.0,,,False,001471.npy
False,,,0.0,,,False,001472.npy
False,,,0.0,,,False,001473.npy
False,,,0.0,,,False,001474.npy
False,,,0.0,,,False,001475.npy
False,,,0.0,,,False,001476.npy
False,,,0.0,,,False,001477.npy
False,,,0.0,,,False,001478.npy
False,,,0.0,,,False,001479.npy
False,,,0.0,,,False,001480.npy
False,,,0.0,,,False,001481.npy
False,,,0.0,,,False,001482.npy
False,,,0.0,,,False,001483.npy
False,,,0.0,,,False,001484.npy
False,,,0.0,,,False,001485.npy
False,,,0.0,,,False,001486.npy
False,,,0.0,,,False,001487.npy
False,,,0.0,,,False,001488.npy
False,,,0.0,,,False,001489.npy
False,,,0.0,,,False,001490.npy
False,,,0.0,,,False,001491.npy
False,,,0.0,,,False,001492.npy
False,,,0.0,,,False,001493.npy
False,,,0.0,,,False,001494.npy
False,,,0.0,,,False,001495.npy
False,,,0.0,,,False,001496.npy
False,,,0.0,,,False,001497.npy
False,,,0.0,,,False,001498.npy
False,,,0.0,,,False,001499.npy
False,,,0.0,,,False,001500.npy
False,,,0.0,,,False,001501.npy
False,,,0.0,,,False,001502.npy
False,,,0.0,,,False,001503.npy
False,,,0.0,,,False,001504.npy
False,,,0.0,,,False,001505.npy
False,,,0.0,,,False,001506.npy
False,,,0.0,,,False,001507.npy
False,,,0.0,,,False,001508.npy
False,,,0.0,,,False,001509.npy
False,,,0.0,,,False,001510.npy
False,,,0.0,,,False,001511.npy
False,,,0.0,,,False,001512.npy
False,,,0.0,,,False,001513.npy
False,,,0.0,,,False,001514.npy
False,,,0.0,,,False,001515.npy
False,,,0.0,,,False,001516.npy
False,,,0.0,,,False,001517.npy
False,,,0.0,,,False,001518.npy
False,,,0.0,,,False,001519.npy
False,,,0.0,,,False,001520.npy
False,,,0.0,,,False,001521.npy
False,,,0.0,,,False,001522.npy
False,,,0.0,,,False,001523.npy
False,,,0.0,,,False,001524.npy
False,,,0.0,,,False,001525.npy
False,,,0.0,,,False,001526.npy
False,,,0.0,,,False,001527.npy
False,,,0.0,,,False,001528.npy
False,,,0.0,,,False,001529.npy
False,,,0.0,,,False,001530.npy
False,,,0.0,,,False,001531.npy
False,,,0.0,,,False,001532.npy
False,,,0.0,,,False,001533.npy
False,,,0.0,,,False,001534.npy
False,,,0.0,,,False,001535.npy
False,,,0.0,,,False,001536.npy
False,,,0.0,,,False,001537.npy
False,,,0.0,,,False,001538.npy
False,,,0.0,,,False,001539.npy
False,,,0.0,,,False,001540.npy
False,,,0.0,,,False,001541.npy
False,,,0.0,,,False,001542.npy
False,,,0.0,,,False,001543.npy
False,,,0.0,,,False,001544.npy
False,,,0.0,,,False,001545.npy
False,,,0.0,,,False,001546.npy
False,,,0.0,,,False,001547.npy
False,,,0.0,,,False,001548.npy
False,,,0.0,,,False,001549.npy
False,,,0.0,,,False,001550.npy
False,,,0.0,,,False,001551.npy
False,,,0.0,,,False,001552.npy
False,,,0.0,,,False,001553.npy
False,0.0,below,0.99609375,0.8568481206893921,0.7825980392156863,True,001554.npy
False,,,0.0,,,False,001555.npy
False,,,0.0,,,False,001556.npy
False,,,0.0,,,False,001557.npy
False,,,0.0,,,False,001558.npy
False,,,0.0,,,False,001559.npy
False,,,0.0,,,False,001560.npy
False,,,0.0,,,False,001561.npy
False,,,0.0,,,False,001562.npy
False,,,0.0,,,False,001563.npy
False,,,0.0,,,False,001564.npy
False,,,0.0,,,False,001565.npy
False,,,0.0,,,False,001566.npy
False,,,0.0,,,False,001567.npy
False,,,0.0,,,False,001568.npy
False,,,0.0,,,False,001569.npy
False,,,0.0,,,False,001570.npy
False,,,0.0,,,False,001571.npy
False,,,0.0,,,False,001572.npy
False,,,0.0,,,False,001573.npy
False,,,0.0,,,False,001574.npy
False,,,0.0,,,False,001575.npy
False,,,0.0,,,False,001576.npy
False,,,0.0,,,False,001577.npy
False,,,0.0,,,False,001578.npy
False,,,0.0,,,False,001579.npy
False,,,0.0,,,False,001580.npy
False,,,0.0,,,False,001581.npy
False,,,0.0,,,False,001582.npy
False,,,0.0,,,False,001583.npy
False,,,0.0,,,False,001584.npy
False,,,0.0,,,False,001585.npy
False,,,0.0,,,False,001586.npy
False,,,0.0,,,False,001587.npy
False,,,0.0,,,False,001588.npy
False,,,0.0,,,False,001589.npy
False,,,0.0,,,False,001590.npy
False,,,0.0,,,False,001591.npy
False,,,0.0,,,False,001592.npy
False,,,0.0,,,False,001593.npy
False,,,0.0,,,False,001594.npy
False,,,0.0,,,False,001595.npy
False,,,0.0,,,False,001596.npy
False,,,0.0,,,False,001597.npy
False,,,0.0,,,False,001598.npy
False,,,0.0,,,False,001599.npy
False,,,0.0,,,False,001600.npy
False,,,0.0,,,False,001601.npy
False,,,0.0,,,False,001602.npy
False,,,0.0,,,False,001603.npy
False,,,0.0,,,False,001604.npy
False,,,0.0,,,False,001605.npy
False,,,0.0,,,False,001606.npy
False,,,0.0,,,False,001607.npy
False,,,0.0,,,False,001608.npy
False,,,0.0,,,False,001609.npy
False,,,0.0,,,False,001610.npy
False,,,0.0,,,False,001611.npy
False,,,0.0,,,False,001612.npy
False,,,0.0,,,False,001613.npy
False,,,0.0,,,False,001614.npy
False,,,0.0,,,False,001615.npy
False,,,0.0,,,False,001616.npy
False,,,0.0,,,False,001617.npy
False,,,0.0,,,False,001618.npy
False,,,0.0,,,False,001619.npy
False,,,0.0,,,False,001620.npy
False,,,0.0,,,False,001621.npy
False,,,0.0,,,False,001622.npy
False,,,0.0,,,False,001623.npy
False,,,0.0,,,False,001624.npy
False,,,0.0,,,False,001625.npy
False,,,0.0,,,False,001626.npy
False,,,0.0,,,False,001627.npy
False,,,0.0,,,False,001628.npy
False,,,0.0,,,False,001629.npy
False,,,0.0,,,False,001630.npy
False,,,0.0,,,False,001631.npy
False,,,0.0,,,False,001632.npy
False,,,0.0,,,False,001633.npy
False,,,0.0,,,False,001634.npy
False,,,0.0,,,False,001635.npy
False,,,0.0,,,False,001636.npy
False,,,0.0,,,False,001637.npy
False,,,0.0,,,False,001638.npy
False,,,0.0,,,False,001639.npy
False,,,0.0,,,False,001640.npy
False,,,0.0,,,False,001641.npy
False,,,0.0,,,False,001642.npy
False,,,0.0,,,False,001643.npy
False,,,0.0,,,False,001644.npy
False,,,0.0,,,False,001645.npy
False,,,0.0,,,False,001646.npy
False,,,0.0,,,False,001647.npy
False,,,0.0,,,False,001648.npy
False,,,0.0,,,False,001649.npy
False,,,0.0,,,False,001650.npy
False,,,0.0,,,False,001651.npy
False,,,0.0,,,False,001652.npy
False,,,0.0,,,False,001653.npy
False,,,0.0,,,False,001654.npy
False,,,0.0,,,False,001655.npy
False,,,0.0,,,False,001656.npy
False,,,0.0,,,False,001657.npy
False,,,0.0,,,False,001658.npy
False,,,0.0,,,False,001659.npy
False,,,0.0,,,False,001660.npy
False,,,0.0,,,False,001661.npy
False,,,0.0,,,False,001662.npy
False,,,0.0,,,False,001663.npy
False,,,0.0,,,False,001664.npy
False,,,0.0,,,False,001665.npy
False,,,0.0,,,False,001666.npy
False,,,0.0,,,False,001667.npy
False,,,0.0,,,False,001668.npy
False,,,0.0,,,False,001669.npy
False,,,0.0,,,False,001670.npy
False,,,0.0,,,False,001671.npy
False,,,0.0,,,False,001672.npy
False,,,0.0,,,False,001673.npy
False,,,0.0,,,False,001674.npy
False,,,0.0,,,False,001675.npy
False,,,0.0,,,False,001676.npy
False,,,0.0,,,False,001677.npy
False,,,0.0,,,False,001678.npy
False,,,0.0,,,False,001679.npy
False,,,0.0,,,False,001680.npy
False,,,0.0,,,False,001681.npy
False,,,0.0,,,False,001682.npy
False,,,0.0,,,False,001683.npy
False,,,0.0,,,False,001684.npy
False,,,0.0,,,False,001685.npy
False,,,0.0,,,False,001686.npy
False,,,0.0,,,False,001687.npy
False,,,0.0,,,False,001688.npy
False,,,0.0,,,False,001689.npy
False,,,0.0,,,False,001690.npy
False,,,0.0,,,False,001691.npy
False,,,0.0,,,False,001692.npy
False,,,0.0,,,False,001693.npy
False,,,0.0,,,False,001694.npy
False,,,0.0,,,False,001695.npy
False,,,0.0,,,False,001696.npy
False,,,0.0,,,False,001697.npy
False,,,0.0,,,False,001698.npy
False,,,0.0,,,False,001699.npy
False,,,0.0,,,False,001700.npy
False,,,0.0,,,False,001701.npy
False,,,0.0,,,False,001702.npy
False,,,0.0,,,False,001703.npy
False,,,0.0,,,False,001704.npy
False,,,0.0,,,False,001705.npy
False,,,0.0,,,False,001706.npy
False,,,0.0,,,False,001707.npy
False,,,0.0,,,False,001708.npy
False,,,0.0,,,False,001709.npy
False,,,0.0,,,False,001710.npy
False,,,0.0,,,False,001711.npy
False,,,0.0,,,False,001712.npy
False,,,0.0,,,False,001713.npy
False,,,0.0,,,False,001714.npy
False,,,0.0,,,False,001715.npy
False,,,0.0,,,False,001716.npy
False,,,0.0,,,False,001717.npy
False,,,0.0,,,False,001718.npy
False,,,0.0,,,False,001719.npy
False,,,0.0,,,False,001720.npy
False,,,0.0,,,False,001721.npy
False,,,0.0,,,False,001722.npy
False,,,0.0,,,False,001723.npy
False,,,0.0,,,False,001724.npy
False,,,0.0,,,False,001725.npy
False,,,0.0,,,False,001726.npy
False,,,0.0,,,False,001727.npy
False,,,0.0,,,False,001728.npy
False,,,0.0,,,False,001729.npy
False,,,0.0,,,False,001730.npy
False,,,0.0,,,False,001731.npy
False,,,0.0,,,False,001732.npy
False,,,0.0,,,False,001733.npy
False,,,0.0,,,False,001734.npy
False,,,0.0,,,False,001735.npy
False,,,0.0,,,False,001736.npy
False,,,0.0,,,False,001737.npy
False,,,0.0,,,False,001738.npy
False,,,0.0,,,False,001739.npy
False,,,0.0,,,False,001740.npy
False,,,0.0,,,False,001741.npy
False,,,0.0,,,False,001742.npy
False,,,0.0,,,False,001743.npy
False,,,0.0,,,False,001744.npy
False,,,0.0,,,False,001745.npy
False,,,0.0,,,False,001746.npy
False,,,0.0,,,False,001747.npy
False,,,0.0,,,False,001748.npy
False,,,0.0,,,False,001749.npy
False,,,0.0,,,False,001750.npy
False,,,0.0,,,False,001751.npy
False,,,0.0,,,False,001752.npy
False,,,0.0,,,False,001753.npy
False,,,0.0,,,False,001754.npy
False,,,0.0,,,False,001755.npy
False,,,0.0,,,False,001756.npy
False,,,0.0,,,False,001757.npy
False,,,0.0,,,False,001758.npy
False,,,0.0,,,False,001759.npy
False,,,0.0,,,False,001760.npy
False,,,0.0,,,False,001761.npy
False,,,0.0,,,False,001762.npy
False,,,0.0,,,False,001763.npy
False,,,0.0,,,False,001764.npy
False,,,0.0,,,False,001765.npy
False,,,0.0,,,False,001766.npy
False,,,0.0,,,False,001767.npy
False,,,0.0,,,False,001768.npy
False,,,0.0,,,False,001769.npy
False,,,0.0,,,False,001770.npy
False,,,0.0,,,False,001771.npy
False,,,0.0,,,False,001772.npy
False,,,0.0,,,False,001773.npy
False,,,0.0,,,False,001774.npy
False,,,0.0,,,False,001775.npy
False,,,0.0,,,False,001776.npy
False,,,0.0,,,False,001777.npy
False,,,0.0,,,False,001778.npy
False,,,0.0,,,False,001779.npy
False,,,0.0,,,False,001780.npy
False,,,0.0,,,False,001781.npy
False,,,0.0,,,False,001782.npy
False,,,0.0,,,False,001783.npy
False,,,0.0,,,False,001784.npy
False,,,0.0,,,False,001785.npy
False,,,0.0,,,False,001786.npy
False,,,0.0,,,False,001787.npy
False,,,0.0,,,False,001788.npy
False,,,0.0,,,False,001789.npy
False,,,0.0,,,False,001790.npy
False,,,0.0,,,False,001791.npy
False,,,0.0,,,False,001792.npy
False,,,0.0,,,False,001793.npy
False,,,0.0,,,False,001794.npy
False,,,0.0,,,False,001795.npy
False,,,0.0,,,False,001796.npy
False,,,0.0,,,False,001797.npy
False,,,0.0,,,False,001798.npy
False,,,0.0,,,False,001799.npy
False,,,0.0,,,False,001800.npy
False,,,0.0,,,False,001801.npy
False,,,0.0,,,False,001802.npy
False,,,0.0,,,False,001803.npy
False,,,0.0,,,False,001804.npy
False,,,0.0,,,False,001805.npy
False,,,0.0,,,False,001806.npy
False,,,0.0,,,False,001807.npy
False,,,0.0,,,False,001808.npy
False,,,0.0,,,False,001809.npy
False,,,0.0,,,False,001810.npy
False,,,0.0,,,False,001811.npy
False,,,0.0,,,False,001812.npy
False,,,0.0,,,False,001813.npy
False,,,0.0,,,False,001814.npy
False,,,0.0,,,False,001815.npy
False,,,0.0,,,False,001816.npy
False,,,0.0,,,False,001817.npy
False,,,0.0,,,False,001818.npy
False,,,0.0,,,False,001819.npy
False,,,0.0,,,False,001820.npy
False,,,0.0,,,False,001821.npy
False,,,0.0,,,False,001822.npy
False,,,0.0,,,False,001823.npy
False,,,0.0,,,False,001824.npy
False,,,0.0,,,False,001825.npy
False,,,0.0,,,False,001826.npy
False,,,0.0,,,False,001827.npy
False,,,0.0,,,False,001828.npy
False,,,0.0,,,False,001829.npy
False,,,0.0,,,False,001830.npy
False,,,0.0,,,False,001831.npy
False,,,0.0,,,False,001832.npy
False,,,0.0,,,False,001833.npy
False,,,0.0,,,False,001834.npy
False,,,0.0,,,False,001835.npy
False,,,0.0,,,False,001836.npy
False,,,0.0,,,False,001837.npy
False,,,0.0,,,False,001838.npy
False,,,0.0,,,False,001839.npy
False,,,0.0,,,False,001840.npy
False,,,0.0,,,False,001841.npy
False,,,0.0,,,False,001842.npy
False,,,0.0,,,False,001843.npy
False,,,0.0,,,False,001844.npy
False,,,0.0,,,False,001845.npy
False,,,0.0,,,False,001846.npy
False,,,0.0,,,False,001847.npy
False,,,0.0,,,False,001848.npy
False,,,0.0,,,False,001849.npy
False,,,0.0,,,False,001850.npy
False,,,0.0,,,False,001851.npy
False,,,0.0,,,False,001852.npy
False,,,0.0,,,False,001853.npy
False,,,0.0,,,False,001854.npy
False,,,0.0,,,False,001855.npy
False,,,0.0,,,False,001856.npy
False,,,0.0,,,False,001857.npy
False,,,0.0,,,False,001858.npy
False,,,0.0,,,False,001859.npy
False,,,0.0,,,False,001860.npy
False,,,0.0,,,False,001861.npy
False,,,0.0,,,False,001862.npy
False,,,0.0,,,False,001863.npy
False,,,0.0,,,False,001864.npy
False,,,0.0,,,False,001865.npy
False,,,0.0,,,False,001866.npy
False,,,0.0,,,False,001867.npy
False,,,0.0,,,False,001868.npy
False,,,0.0,,,False,001869.npy
False,,,0.0,,,False,001870.npy
False,,,0.0,,,False,001871.npy
False,,,0.0,,,False,001872.npy
False,,,0.0,,,False,001873.npy
False,,,0.0,,,False,001874.npy
False,,,0.0,,,False,001875.npy
False,,,0.0,,,False,001876.npy
False,,,0.0,,,False,001877.npy
False,,,0.0,,,False,001878.npy
False,,,0.0,,,False,001879.npy
False,,,0.0,,,False,001880.npy
False,,,0.0,,,False,001881.npy
False,,,0.0,,,False,001882.npy
False,,,0.0,,,False,001883.npy
False,,,0.0,,,False,001884.npy
False,,,0.0,,,False,001885.npy
False,,,0.0,,,False,001886.npy
False,,,0.0,,,False,001887.npy
False,,,0.0,,,False,001888.npy
False,,,0.0,,,False,001889.npy
False,,,0.0,,,False,001890.npy
False,,,0.0,,,False,001891.npy
False,,,0.0,,,False,001892.npy
False,,,0.0,,,False,001893.npy
False,,,0.0,,,False,001894.npy
False,,,0.0,,,False,001895.npy
False,,,0.0,,,False,001896.npy
False,,,0.0,,,False,001897.npy
False,,,0.0,,,False,001898.npy
False,,,0.0,,,False,001899.npy
False,,,0.0,,,False,001900.npy
False,,,0.0,,,False,001901.npy
False,,,0.0,,,False,001902.npy
False,,,0.0,,,False,001903.npy
False,,,0.0,,,False,001904.npy
False,,,0.0,,,False,001905.npy
False,,,0.0,,,False,001906.npy
False,,,0.0,,,False,001907.npy
False,,,0.0,,,False,001908.npy
False,,,0.0,,,False,001909.npy
False,,,0.0,,,False,001910.npy
False,,,0.0,,,False,001911.npy
False,,,0.0,,,False,001912.npy
False,,,0.0,,,False,001913.npy
False,,,0.0,,,False,001914.npy
False,,,0.0,,,False,001915.npy
False,,,0.0,,,False,001916.npy
False,,,0.0,,,False,001917.npy
False,,,0.0,,,False,001918.npy
False,,,0.0,,,False,001919.npy
False,,,0.0,,,False,001920.npy
False,,,0.0,,,False,001921.npy
False,,,0.0,,,False,001922.npy
False,,,0.0,,,False,001923.npy
False,,,0.0,,,False,001924.npy
False,,,0.0,,,False,001925.npy
False,,,0.0,,,False,001926.npy
False,,,0.0,,,False,001927.npy
False,,,0.0,,,False,001928.npy
False,,,0.0,,,False,001929.npy
False,,,0.0,,,False,001930.npy
False,,,0.0,,,False,001931.npy
False,,,0.0,,,False,001932.npy
False,,,0.0,,,False,001933.npy
False,,,0.0,,,False,001934.npy
False,,,0.0,,,False,001935.npy
False,,,0.0,,,False,001936.npy
False,,,0.0,,,False,001937.npy
False,,,0.0,,,False,001938.npy
False,,,0.0,,,False,001939.npy
False,,,0.0,,,False,001940.npy
False,,,0.0,,,False,001941.npy
False,,,0.0,,,False,001942.npy
False,,,0.0,,,False,001943.npy
False,,,0.0,,,False,001944.npy
False,,,0.0,,,False,001945.npy
False,,,0.0,,,False,001946.npy
False,,,0.0,,,False,001947.npy
False,,,0.0,,,False,001948.npy
False,,,0.0,,,False,001949.npy
False,,,0.0,,,False,001950.npy
False,,,0.0,,,False,001951.npy
False,,,0.0,,,False,001952.npy
False,,,0.0,,,False,001953.npy
False,,,0.0,,,False,001954.npy
False,,,0.0,,,False,001955.npy
False,,,0.0,,,False,001956.npy
False,,,0.0,,,False,001957.npy
False,,,0.0,,,False,001958.npy
False,,,0.0,,,False,001959.npy
False,,,0.0,,,False,001960.npy
False,,,0.0,,,False,001961.npy
False,,,0.0,,,False,001962.npy
False,,,0.0,,,False,001963.npy
False,,,0.0,,,False,001964.npy
False,,,0.0,,,False,001965.npy
False,,,0.0,,,False,001966.npy
False,,,0.0,,,False,001967.npy
False,,,0.0,,,False,001968.npy
False,,,0.0,,,False,001969.npy
False,,,0.0,,,False,001970.npy
False,,,0.0,,,False,001971.npy
False,,,0.0,,,False,001972.npy
False,,,0.0,,,False,001973.npy
False,,,0.0,,,False,001974.npy
False,,,0.0,,,False,001975.npy
False,,,0.0,,,False,001976.npy
False,,,0.0,,,False,001977.npy
False,,,0.0,,,False,001978.npy
False,,,0.0,,,False,001979.npy
False,,,0.0,,,False,001980.npy
False,,,0.0,,,False,001981.npy
False,,,0.0,,,False,001982.npy
False,,,0.0,,,False,001983.npy
False,,,0.0,,,False,001984.npy
False,,,0.0,,,False,001985.npy
False,,,0.0,,,False,001986.npy
False,,,0.0,,,False,001987.npy
False,,,0.0,,,False,001988.npy
False,,,0.0,,,False,001989.npy
False,,,0.0,,,False,001990.npy
False,,,0.0,,,False,001991.npy
False,,,0.0,,,False,001992.npy
False,,,0.0,,,False,001993.npy
False,,,0.0,,,False,001994.npy
False,,,0.0,,,False,001995.npy
False,,,0.0,,,False,001996.npy
False,,,0.0,,,False,001997.npy
False,,,0.0,,,False,001998.npy
False,,,0.0,,,False,001999.npy
False,,,0.0,,,False,002000.npy
False,,,0.0,,,False,002001.npy
False,,,0.0,,,False,002002.npy
False,,,0.0,,,False,002003.npy
False,,,0.0,,,False,002004.npy
False,,,0.0,,,False,002005.npy
False,,,0.0,,,False,002006.npy
False,,,0.0,,,False,002007.npy
False,,,0.0,,,False,002008.npy
False,,,0.0,,,False,002009.npy
False,,,0.0,,,False,002010.npy
False,,,0.0,,,False,002011.npy
False,,,0.0,,,False,002012.npy
False,,,0.0,,,False,002013.npy
False,,,0.0,,,False,002014.npy
False,,,0.0,,,False,002015.npy
False,,,0.0,,,False,002016.npy
False,,,0.0,,,False,002017.npy
False,,,0.0,,,False,002018.npy
False,,,0.0,,,False,002019.npy
False,,,0.0,,,False,002020.npy
False,,,0.0,,,False,002021.npy
False,,,0.0,,,False,002022.npy
False,,,0.0,,,False,002023.npy
False,,,0.0,,,False,002024.npy
False,,,0.0,,,False,002025.npy
False,,,0.0,,,False,002026.npy
False,,,0.0,,,False,002027.npy
False,,,0.0,,,False,002028.npy
False,,,0.0,,,False,002029.npy
False,,,0.0,,,False,002030.npy
False,,,0.0,,,False,002031.npy
False,,,0.0,,,False,002032.npy
False,,,0.0,,,False,002033.npy
False,,,0.0,,,False,002034.npy
False,,,0.0,,,False,002035.npy
False,,,0.0,,,False,002036.npy
False,,,0.0,,,False,002037.npy
False,,,0.0,,,False,002038.npy
False,,,0.0,,,False,002039.npy
False,,,0.0,,,False,002040.npy
False,,,0.0,,,False,002041.npy
False,,,0.0,,,False,002042.npy
False,,,0.0,,,False,002043.npy
False,,,0.0,,,False,002044.npy
False,,,0.0,,,False,002045.npy
False,,,0.0,,,False,002046.npy
False,,,0.0,,,False,002047.npy
False,,,0.0,,,False,002048.npy
False,,,0.0,,,False,002049.npy
False,,,0.0,,,False,002050.npy
False,,,0.0,,,False,002051.npy
False,,,0.0,,,False,002052.npy
False,,,0.0,,,False,002053.npy
False,,,0.0,,,False,002054.npy
False,,,0.0,,,False,002055.npy
False,,,0.0,,,False,002056.npy
False,,,0.0,,,False,002057.npy
False,,,0.0,,,False,002058.npy
False,,,0.0,,,False,002059.npy
False,,,0.0,,,False,002060.npy
False,,,0.0,,,False,002061.npy
False,,,0.0,,,False,002062.npy
False,,,0.0,,,False,002063.npy
False,,,0.0,,,False,002064.npy
False,,,0.0,,,False,002065.npy
False,,,0.0,,,False,002066.npy
False,,,0.0,,,False,002067.npy
False,,,0.0,,,False,002068.npy
False,,,0.0,,,False,002069.npy
False,,,0.0,,,False,002070.npy
False,,,0.0,,,False,002071.npy
False,,,0.0,,,False,002072.npy
False,,,0.0,,,False,002073.npy
False,,,0.0,,,False,002074.npy
False,,,0.0,,,False,002075.npy
False,,,0.0,,,False,002076.npy
False,,,0.0,,,False,002077.npy
False,,,0.0,,,False,002078.npy
False,,,0.0,,,False,002079.npy
False,,,0.0,,,False,002080.npy
False,,,0.0,,,False,002081.npy
False,,,0.0,,,False,002082.npy
False,,,0.0,,,False,002083.npy
False,,,0.0,,,False,002084.npy
False,,,0.0,,,False,002085.npy
False,,,0.0,,,False,002086.npy
False,,,0.0,,,False,002087.npy
False,,,0.0,,,False,002088.npy
False,,,0.0,,,False,002089.npy
False,,,0.0,,,False,002090.npy
False,,,0.0,,,False,002091.npy
False,,,0.0,,,False,002092.npy
False,,,0.0,,,False,002093.npy
False,,,0.0,,,False,002094.npy
False,,,0.0,,,False,002095.npy
False,,,0.0,,,False,002096.npy
False,,,0.0,,,False,002097.npy
False,,,0.0,,,False,002098.npy
False,,,0.0,,,False,002099.npy
False,,,0.0,,,False,002100.npy
False,,,0.0,,,False,002101.npy
False,,,0.0,,,False,002102.npy
False,,,0.0,,,False,002103.npy
False,,,0.0,,,False,002104.npy
False,,,0.0,,,False,002105.npy
False,,,0.0,,,False,002106.npy
False,,,0.0,,,False,002107.npy
False,,,0.0,,,False,002108.npy
False,,,0.0,,,False,002109.npy
False,,,0.0,,,False,002110.npy
False,,,0.0,,,False,002111.npy
False,,,0.0,,,False,002112.npy
False,,,0.0,,,False,002113.npy
False,,,0.0,,,False,002114.npy
False,,,0.0,,,False,002115.npy
False,,,0.0,,,False,002116.npy
False,,,0.0,,,False,002117.npy
False,,,0.0,,,False,002118.npy
False,,,0.0,,,False,002119.npy
False,,,0.0,,,False,002120.npy
False,,,0.0,,,False,002121.npy
False,,,0.0,,,False,002122.npy
False,,,0.0,,,False,002123.npy
False,,,0.0,,,False,002124.npy
False,,,0.0,,,False,002125.npy
False,,,0.0,,,False,002126.npy
False,,,0.0,,,False,002127.npy
False,,,0.0,,,False,002128.npy
False,,,0.0,,,False,002129.npy
False,,,0.0,,,False,002130.npy
False,,,0.0,,,False,002131.npy
False,,,0.0,,,False,002132.npy
False,,,0.0,,,False,002133.npy
False,,,0.0,,,False,002134.npy
False,,,0.0,,,False,002135.npy
False,,,0.0,,,False,002136.npy
False,,,0.0,,,False,002137.npy
False,,,0.0,,,False,002138.npy
False,,,0.0,,,False,002139.npy
False,,,0.0,,,False,002140.npy
False,,,0.0,,,False,002141.npy
False,,,0.0,,,False,002142.npy
False,,,0.0,,,False,002143.npy
False,,,0.0,,,False,002144.npy
False,,,0.0,,,False,002145.npy
False,,,0.0,,,False,002146.npy
False,,,0.0,,,False,002147.npy
False,,,0.0,,,False,002148.npy
False,,,0.0,,,False,002149.npy
False,,,0.0,,,False,002150.npy
False,,,0.0,,,False,002151.npy
False,,,0.0,,,False,002152.npy
False,,,0.0,,,False,002153.npy
False,,,0.0,,,False,002154.npy
False,,,0.0,,,False,002155.npy
False,,,0.0,,,False,002156.npy
False,,,0.0,,,False,002157.npy
False,,,0.0,,,False,002158.npy
False,,,0.0,,,False,002159.npy
False,,,0.0,,,False,002160.npy
False,,,0.0,,,False,002161.npy
False,,,0.0,,,False,002162.npy
False,,,0.0,,,False,002163.npy
False,,,0.0,,,False,002164.npy
False,,,0.0,,,False,002165.npy
False,,,0.0,,,False,002166.npy
False,,,0.0,,,False,002167.npy
False,,,0.0,,,False,002168.npy
False,,,0.0,,,False,002169.npy
False,,,0.0,,,False,002170.npy
False,,,0.0,,,False,002171.npy
False,,,0.0,,,False,002172.npy
False,,,0.0,,,False,002173.npy
False,,,0.0,,,False,002174.npy
False,,,0.0,,,False,002175.npy
False,,,0.0,,,False,002176.npy
False,,,0.0,,,False,002177.npy
False,,,0.0,,,False,002178.npy
False,,,0.0,,,False,002179.npy
False,,,0.0,,,False,002180.npy
False,,,0.0,,,False,002181.npy
False,,,0.0,,,False,002182.npy
False,,,0.0,,,False,002183.npy
False,,,0.0,,,False,002184.npy
False,,,0.0,,,False,002185.npy
False,,,0.0,,,False,002186.npy
False,,,0.0,,,False,002187.npy
False,,,0.0,,,False,002188.npy
False,,,0.0,,,False,002189.npy
False,,,0.0,,,False,002190.npy
False,,,0.0,,,False,002191.npy
False,,,0.0,,,False,002192.npy
False,,,0.0,,,False,002193.npy
False,,,0.0,,,False,002194.npy
False,,,0.0,,,False,002195.npy
False,,,0.0,,,False,002196.npy
False,,,0.0,,,False,002197.npy
False,,,0.0,,,False,002198.npy
False,,,0.0,,,False,002199.npy
False,,,0.0,,,False,002200.npy
False,,,0.0,,,False,002201.npy
False,,,0.0,,,False,002202.npy
False,,,0.0,,,False,002203.npy
False,,,0.0,,,False,002204.npy
False,,,0.0,,,False,002205.npy
False,,,0.0,,,False,002206.npy
False,,,0.0,,,False,002207.npy
False,,,0.0,,,False,002208.npy
False,,,0.0,,,False,002209.npy
False,,,0.0,,,False,002210.npy
False,,,0.0,,,False,002211.npy
False,,,0.0,,,False,002212.npy
False,,,0.0,,,False,002213.npy
False,,,0.0,,,False,002214.npy
False,,,0.0,,,False,002215.npy
False,,,0.0,,,False,002216.npy
False,,,0.0,,,False,002217.npy
False,,,0.0,,,False,002218.npy
False,,,0.0,,,False,002219.npy
False,,,0.0,,,False,002220.npy
False,,,0.0,,,False,002221.npy
False,,,0.0,,,False,002222.npy
False,,,0.0,,,False,002223.npy
False,,,0.0,,,False,002224.npy
False,,,0.0,,,False,002225.npy
False,,,0.0,,,False,002226.npy
False,,,0.0,,,False,002227.npy
False,,,0.0,,,False,002228.npy
False,,,0.0,,,False,002229.npy
False,,,0.0,,,False,002230.npy
False,,,0.0,,,False,002231.npy
False,,,0.0,,,False,002232.npy
False,,,0.0,,,False,002233.npy
False,,,0.0,,,False,002234.npy
False,,,0.0,,,False,002235.npy
False,,,0.0,,,False,002236.npy
False,,,0.0,,,False,002237.npy
False,,,0.0,,,False,002238.npy
False,,,0.0,,,False,002239.npy
False,,,0.0,,,False,002240.npy
False,,,0.0,,,False,002241.npy
False,,,0.0,,,False,002242.npy
False,,,0.0,,,False,002243.npy
False,,,0.0,,,False,002244.npy
False,,,0.0,,,False,002245.npy
False,,,0.0,,,False,002246.npy
False,,,0.0,,,False,002247.npy
False,,,0.0,,,False,002248.npy
False,,,0.0,,,False,002249.npy
False,,,0.0,,,False,002250.npy
False,,,0.0,,,False,002251.npy
False,,,0.0,,,False,002252.npy
False,,,0.0,,,False,002253.npy
False,,,0.0,,,False,002254.npy
False,,,0.0,,,False,002255.npy
False,,,0.0,,,False,002256.npy
False,,,0.0,,,False,002257.npy
False,,,0.0,,,False,002258.npy
False,,,0.0,,,False,002259.npy
False,,,0.0,,,False,002260.npy
False,,,0.0,,,False,002261.npy
False,,,0.0,,,False,002262.npy
False,,,0.0,,,False,002263.npy
False,,,0.0,,,False,002264.npy
False,,,0.0,,,False,002265.npy
False,,,0.0,,,False,002266.npy
False,,,0.0,,,False,002267.npy
False,,,0.0,,,False,002268.npy
False,,,0.0,,,False,002269.npy
False,,,0.0,,,False,002270.npy
False,,,0.0,,,False,002271.npy
False,,,0.0,,,False,002272.npy
False,,,0.0,,,False,002273.npy
False,,,0.0,,,False,002274.npy
False,,,0.0,,,False,002275.npy
False,,,0.0,,,False,002276.npy
False,,,0.0,,,False,002277.npy
False,,,0.0,,,False,002278.npy
False,,,0.0,,,False,002279.npy
False,,,0.0,,,False,002280.npy
False,,,0.0,,,False,002281.npy
False,,,0.0,,,False,002282.npy
False,,,0.0,,,False,002283.npy
False,,,0.0,,,False,002284.npy
False,,,0.0,,,False,002285.npy
False,,,0.0,,,False,002286.npy
False,,,0.0,,,False,002287.npy
False,,,0.0,,,False,002288.npy
False,,,0.0,,,False,002289.npy
False,,,0.0,,,False,002290.npy
False,,,0.0,,,False,002291.npy
False,,,0.0,,,False,002292.npy
False,,,0.0,,,False,002293.npy
False,,,0.0,,,False,002294.npy
False,,,0.0,,,False,002295.npy
False,,,0.0,,,False,002296.npy
False,,,0.0,,,False,002297.npy
False,,,0.0,,,False,002298.npy
False,,,0.0,,,False,002299.npy
False,,,0.0,,,False,002300.npy
False,,,0.0,,,False,002301.npy
False,,,0.0,,,False,002302.npy
False,,,0.0,,,False,002303.npy
False,,,0.0,,,False,002304.npy
False,,,0.0,,,False,002305.npy
False,,,0.0,,,False,002306.npy
False,,,0.0,,,False,002307.npy
False,,,0.0,,,False,002308.npy
False,,,0.0,,,False,002309.npy
False,,,0.0,,,False,002310.npy
False,,,0.0,,,False,002311.npy
False,,,0.0,,,False,002312.npy
False,,,0.0,,,False,002313.npy
False,,,0.0,,,False,002314.npy
False,,,0.0,,,False,002315.npy
False,,,0.0,,,False,002316.npy
False,,,0.0,,,False,002317.npy
False,,,0.0,,,False,002318.npy
False,,,0.0,,,False,002319.npy
False,,,0.0,,,False,002320.npy
False,,,0.0,,,False,002321.npy
False,,,0.0,,,False,002322.npy
False,,,0.0,,,False,002323.npy
False,,,0.0,,,False,002324.npy
False,,,0.0,,,False,002325.npy
False,,,0.0,,,False,002326.npy
False,,,0.0,,,False,002327.npy
False,,,0.0,,,False,002328.npy
False,,,0.0,,,False,002329.npy
False,,,0.0,,,False,002330.npy
False,,,0.0,,,False,002331.npy
False,,,0.0,,,False,002332.npy
False,,,0.0,,,False,002333.npy
False,,,0.0,,,False,002334.npy
False,,,0.0,,,False,002335.npy
False,,,0.0,,,False,002336.npy
False,,,0.0,,,False,002337.npy
False,,,0.0,,,False,002338.npy
False,,,0.0,,,False,002339.npy
False,,,0.0,,,False,002340.npy
False,,,0.0,,,False,002341.npy
False,,,0.0,,,False,002342.npy
False,,,0.0,,,False,002343.npy
False,,,0.0,,,False,002344.npy
False,,,0.0,,,False,002345.npy
False,,,0.0,,,False,002346.npy
False,,,0.0,,,False,002347.npy
False,,,0.0,,,False,002348.npy
False,,,0.0,,,False,002349.npy
False,,,0.0,,,False,002350.npy
False,,,0.0,,,False,002351.npy
False,,,0.0,,,False,002352.npy
False,,,0.0,,,False,002353.npy
False,,,0.0,,,False,002354.npy
False,,,0.0,,,False,002355.npy
False,,,0.0,,,False,002356.npy
False,,,0.0,,,False,002357.npy
False,,,0.0,,,False,002358.npy
False,,,0.0,,,False,002359.npy
False,,,0.0,,,False,002360.npy
False,,,0.0,,,False,002361.npy
False,,,0.0,,,False,002362.npy
False,,,0.0,,,False,002363.npy
False,,,0.0,,,False,002364.npy
False,,,0.0,,,False,002365.npy
False,,,0.0,,,False,002366.npy
False,,,0.0,,,False,002367.npy
False,,,0.0,,,False,002368.npy
False,,,0.0,,,False,002369.npy
False,,,0.0,,,False,002370.npy
False,,,0.0,,,False,002371.npy
False,,,0.0,,,False,002372.npy
False,,,0.0,,,False,002373.npy
False,,,0.0,,,False,002374.npy
False,,,0.0,,,False,002375.npy
False,,,0.0,,,False,002376.npy
False,,,0.0,,,False,002377.npy
False,,,0.0,,,False,002378.npy
False,,,0.0,,,False,002379.npy
False,,,0.0,,,False,002380.npy
False,,,0.0,,,False,002381.npy
False,,,0.0,,,False,002382.npy
False,,,0.0,,,False,002383.npy
False,,,0.0,,,False,002384.npy
False,,,0.0,,,False,002385.npy
False,,,0.0,,,False,002386.npy
False,,,0.0,,,False,002387.npy
False,,,0.0,,,False,002388.npy
False,,,0.0,,,False,002389.npy
False,,,0.0,,,False,002390.npy
False,,,0.0,,,False,002391.npy
False,,,0.0,,,False,002392.npy
False,,,0.0,,,False,002393.npy
False,,,0.0,,,False,002394.npy
False,,,0.0,,,False,002395.npy
False,,,0.0,,,False,002396.npy
False,,,0.0,,,False,002397.npy
False,,,0.0,,,False,002398.npy
False,,,0.0,,,False,002399.npy
False,,,0.0,,,False,002400.npy
False,,,0.0,,,False,002401.npy
False,,,0.0,,,False,002402.npy
False,,,0.0,,,False,002403.npy
False,,,0.0,,,False,002404.npy
False,,,0.0,,,False,002405.npy
False,,,0.0,,,False,002406.npy
False,,,0.0,,,False,002407.npy
False,,,0.0,,,False,002408.npy
False,,,0.0,,,False,002409.npy
False,,,0.0,,,False,002410.npy
False,,,0.0,,,False,002411.npy
False,,,0.0,,,False,002412.npy
False,,,0.0,,,False,002413.npy
False,,,0.0,,,False,002414.npy
False,,,0.0,,,False,002415.npy
False,,,0.0,,,False,002416.npy
False,,,0.0,,,False,002417.npy
False,,,0.0,,,False,002418.npy
False,,,0.0,,,False,002419.npy
False,,,0.0,,,False,002420.npy
False,,,0.0,,,False,002421.npy
False,,,0.0,,,False,002422.npy
False,,,0.0,,,False,002423.npy
False,,,0.0,,,False,002424.npy
False,,,0.0,,,False,002425.npy
False,,,0.0,,,False,002426.npy
False,,,0.0,,,False,002427.npy
False,,,0.0,,,False,002428.npy
False,,,0.0,,,False,002429.npy
False,,,0.0,,,False,002430.npy
False,,,0.0,,,False,002431.npy
False,,,0.0,,,False,002432.npy
False,,,0.0,,,False,002433.npy
False,,,0.0,,,False,002434.npy
False,,,0.0,,,False,002435.npy
False,,,0.0,,,False,002436.npy
False,,,0.0,,,False,002437.npy
False,,,0.0,,,False,002438.npy
False,,,0.0,,,False,002439.npy
False,,,0.0,,,False,002440.npy
False,,,0.0,,,False,002441.npy
False,,,0.0,,,False,002442.npy
False,,,0.0,,,False,002443.npy
False,,,0.0,,,False,002444.npy
False,,,0.0,,,False,002445.npy
False,,,0.0,,,False,002446.npy
False,,,0.0,,,False,002447.npy
False,,,0.0,,,False,002448.npy
False,,,0.0,,,False,002449.npy
False,,,0.0,,,False,002450.npy
False,,,0.0,,,False,002451.npy
False,,,0.0,,,False,002452.npy
False,,,0.0,,,False,002453.npy
False,,,0.0,,,False,002454.npy
False,,,0.0,,,False,002455.npy
False,,,0.0,,,False,002456.npy
False,,,0.0,,,False,002457.npy
False,,,0.0,,,False,002458.npy
False,,,0.0,,,False,002459.npy
False,,,0.0,,,False,002460.npy
False,,,0.0,,,False,002461.npy
False,,,0.0,,,False,002462.npy
False,,,0.0,,,False,002463.npy
False,,,0.0,,,False,002464.npy
False,,,0.0,,,False,002465.npy
False,,,0.0,,,False,002466.npy
False,,,0.0,,,False,002467.npy
False,,,0.0,,,False,002468.npy
False,,,0.0,,,False,002469.npy
False,,,0.0,,,False,002470.npy
False,,,0.0,,,False,002471.npy
False,,,0.0,,,False,002472.npy
False,,,0.0,,,False,002473.npy
False,,,0.0,,,False,002474.npy
False,,,0.0,,,False,002475.npy
False,,,0.0,,,False,002476.npy
False,,,0.0,,,False,002477.npy
False,,,0.0,,,False,002478.npy
False,,,0.0,,,False,002479.npy
False,,,0.0,,,False,002480.npy
False,,,0.0,,,False,002481.npy
False,,,0.0,,,False,002482.npy
False,,,0.0,,,False,002483.npy
False,,,0.0,,,False,002484.npy
False,,,0.0,,,False,002485.npy
False,,,0.0,,,False,002486.npy
False,,,0.0,,,False,002487.npy
False,,,0.0,,,False,002488.npy
False,,,0.0,,,False,002489.npy
False,,,0.0,,,False,002490.npy
False,,,0.0,,,False,002491.npy
False,,,0.0,,,False,002492.npy
False,,,0.0,,,False,002493.npy
False,,,0.0,,,False,002494.npy
False,,,0.0,,,False,002495.npy
False,,,0.0,,,False,002496.npy
False,,,0.0,,,False,002497.npy
False,,,0.0,,,False,002498.npy
False,,,0.0,,,False,002499.npy
False,,,0.0,,,False,002500.npy
False,,,0.0,,,False,002501.npy
False,,,0.0,,,False,002502.npy
False,,,0.0,,,False,002503.npy
False,,,0.0,,,False,002504.npy
False,,,0.0,,,False,002505.npy
False,,,0.0,,,False,002506.npy
False,,,0.0,,,False,002507.npy
False,,,0.0,,,False,002508.npy
False,,,0.0,,,False,002509.npy
False,,,0.0,,,False,002510.npy
False,,,0.0,,,False,002511.npy
False,,,0.0,,,False,002512.npy
False,,,0.0,,,False,002513.npy
False,,,0.0,,,False,002514.npy
False,,,0.0,,,False,002515.npy
False,,,0.0,,,False,002516.npy
False,,,0.0,,,False,002517.npy
False,,,0.0,,,False,002518.npy
False,,,0.0,,,False,002519.npy
False,,,0.0,,,False,002520.npy
False,,,0.0,,,False,002521.npy
False,,,0.0,,,False,002522.npy
False,,,0.0,,,False,002523.npy
False,,,0.0,,,False,002524.npy
False,,,0.0,,,False,002525.npy
False,,,0.0,,,False,002526.npy
False,,,0.0,,,False,002527.npy
False,,,0.0,,,False,002528.npy
False,,,0.0,,,False,002529.npy
False,,,0.0,,,False,002530.npy
False,,,0.0,,,False,002531.npy
False,,,0.0,,,False,002532.npy
False,,,0.0,,,False,002533.npy
False,,,0.0,,,False,002534.npy
False,,,0.0,,,False,002535.npy
False,,,0.0,,,False,002536.npy
False,,,0.0,,,False,002537.npy
False,,,0.0,,,False,002538.npy
False,,,0.0,,,False,002539.npy
False,,,0.0,,,False,002540.npy
False,,,0.0,,,False,002541.npy
False,,,0.0,,,False,002542.npy
False,,,0.0,,,False,002543.npy
False,,,0.0,,,False,002544.npy
False,,,0.0,,,False,002545.npy
False,,,0.0,,,False,002546.npy
False,,,0.0,,,False,002547.npy
False,,,0.0,,,False,002548.npy
False,,,0.0,,,False,002549.npy
False,,,0.0,,,False,002550.npy
False,,,0.0,,,False,002551.npy
False,,,0.0,,,False,002552.npy
False,,,0.0,,,False,002553.npy
False,,,0.0,,,False,002554.npy
False,,,0.0,,,False,002555.npy
False,,,0.0,,,False,002556.npy
False,,,0.0,,,False,002557.npy
False,,,0.0,,,False,002558.npy
False,,,0.0,,,False,002559.npy
False,,,0.0,,,False,002560.npy
False,,,0.0,,,False,002561.npy
False,,,0.0,,,False,002562.npy
False,,,0.0,,,False,002563.npy
False,,,0.0,,,False,002564.npy
False,,,0.0,,,False,002565.npy
False,,,0.0,,,False,002566.npy
False,,,0.0,,,False,002567.npy
False,,,0.0,,,False,002568.npy
False,,,0.0,,,False,002569.npy
False,,,0.0,,,False,002570.npy
False,,,0.0,,,False,002571.npy
False,,,0.0,,,False,002572.npy
False,,,0.0,,,False,002573.npy
False,,,0.0,,,False,002574.npy
False,,,0.0,,,False,002575.npy
False,,,0.0,,,False,002576.npy
False,,,0.0,,,False,002577.npy
False,,,0.0,,,False,002578.npy
False,,,0.0,,,False,002579.npy
False,,,0.0,,,False,002580.npy
False,,,0.0,,,False,002581.npy
False,,,0.0,,,False,002582.npy
False,,,0.0,,,False,002583.npy
False,,,0.0,,,False,002584.npy
False,,,0.0,,,False,002585.npy
False,,,0.0,,,False,002586.npy
False,,,0.0,,,False,002587.npy
False,,,0.0,,,False,002588.npy
False,,,0.0,,,False,002589.npy
False,,,0.0,,,False,002590.npy
False,,,0.0,,,False,002591.npy
False,,,0.0,,,False,002592.npy
False,,,0.0,,,False,002593.npy
False,,,0.0,,,False,002594.npy
False,,,0.0,,,False,002595.npy
False,,,0.0,,,False,002596.npy
False,,,0.0,,,False,002597.npy
False,,,0.0,,,False,002598.npy
False,,,0.0,,,False,002599.npy
False,,,0.0,,,False,002600.npy
False,,,0.0,,,False,002601.npy
False,,,0.0,,,False,002602.npy
False,,,0.0,,,False,002603.npy
False,,,0.0,,,False,002604.npy
False,,,0.0,,,False,002605.npy
False,,,0.0,,,False,002606.npy
False,,,0.0,,,False,002607.npy
False,,,0.0,,,False,002608.npy
False,,,0.0,,,False,002609.npy
False,,,0.0,,,False,002610.npy
False,,,0.0,,,False,002611.npy
False,,,0.0,,,False,002612.npy
False,,,0.0,,,False,002613.npy
False,,,0.0,,,False,002614.npy
False,,,0.0,,,False,002615.npy
False,,,0.0,,,False,002616.npy
False,,,0.0,,,False,002617.npy
False,,,0.0,,,False,002618.npy
False,,,0.0,,,False,002619.npy
False,,,0.0,,,False,002620.npy
False,,,0.0,,,False,002621.npy
False,,,0.0,,,False,002622.npy
False,,,0.0,,,False,002623.npy
False,,,0.0,,,False,002624.npy
False,,,0.0,,,False,002625.npy
False,,,0.0,,,False,002626.npy
False,,,0.0,,,False,002627.npy
False,,,0.0,,,False,002628.npy
False,,,0.0,,,False,002629.npy
False,,,0.0,,,False,002630.npy
False,,,0.0,,,False,002631.npy
False,,,0.0,,,False,002632.npy
False,,,0.0,,,False,002633.npy
False,,,0.0,,,False,002634.npy
False,,,0.0,,,False,002635.npy
False,,,0.0,,,False,002636.npy
False,,,0.0,,,False,002637.npy
False,,,0.0,,,False,002638.npy
False,,,0.0,,,False,002639.npy
False,,,0.0,,,False,002640.npy
False,,,0.0,,,False,002641.npy
False,,,0.0,,,False,002642.npy
False,,,0.0,,,False,002643.npy
False,,,0.0,,,False,002644.npy
False,,,0.0,,,False,002645.npy
False,,,0.0,,,False,002646.npy
False,,,0.0,,,False,002647.npy
False,,,0.0,,,False,002648.npy
False,,,0.0,,,False,002649.npy
False,,,0.0,,,False,002650.npy
False,,,0.0,,,False,002651.npy
False,,,0.0,,,False,002652.npy
False,,,0.0,,,False,002653.npy
False,,,0.0,,,False,002654.npy
False,,,0.0,,,False,002655.npy
False,,,0.0,,,False,002656.npy
False,,,0.0,,,False,002657.npy
False,,,0.0,,,False,002658.npy
False,,,0.0,,,False,002659.npy
False,,,0.0,,,False,002660.npy
False,,,0.0,,,False,002661.npy
False,,,0.0,,,False,002662.npy
False,,,0.0,,,False,002663.npy
False,,,0.0,,,False,002664.npy
False,,,0.0,,,False,002665.npy
False,,,0.0,,,False,002666.npy
False,,,0.0,,,False,002667.npy
False,,,0.0,,,False,002668.npy
False,,,0.0,,,False,002669.npy
False,,,0.0,,,False,002670.npy
False,,,0.0,,,False,002671.npy
False,,,0.0,,,False,002672.npy
False,,,0.0,,,False,002673.npy
False,,,0.0,,,False,002674.npy
False,,,0.0,,,False,002675.npy
False,,,0.0,,,False,002676.npy
False,,,0.0,,,False,002677.npy
False,,,0.0,,,False,002678.npy
False,,,0.0,,,False,002679.npy
False,,,0.0,,,False,002680.npy
False,,,0.0,,,False,002681.npy
False,,,0.0,,,False,002682.npy
False,,,0.0,,,False,002683.npy
False,,,0.0,,,False,002684.npy
False,,,0.0,,,False,002685.npy
False,,,0.0,,,False,002686.npy
False,,,0.0,,,False,002687.npy
False,,,0.0,,,False,002688.npy
False,,,0.0,,,False,002689.npy
False,,,0.0,,,False,002690.npy
False,,,0.0,,,False,002691.npy
False,,,0.0,,,False,002692.npy
False,,,0.0,,,False,002693.npy
False,,,0.0,,,False,002694.npy
False,,,0.0,,,False,002695.npy
False,,,0.0,,,False,002696.npy
False,,,0.0,,,False,002697.npy
False,,,0.0,,,False,002698.npy
False,,,0.0,,,False,002699.npy
False,,,0.0,,,False,002700.npy
False,,,0.0,,,False,002701.npy
False,,,0.0,,,False,002702.npy
False,,,0.0,,,False,002703.npy
False,,,0.0,,,False,002704.npy
False,,,0.0,,,False,002705.npy
False,,,0.0,,,False,002706.npy
False,,,0.0,,,False,002707.npy
False,,,0.0,,,False,002708.npy
False,,,0.0,,,False,002709.npy
False,,,0.0,,,False,002710.npy
False,,,0.0,,,False,002711.npy
False,,,0.0,,,False,002712.npy
False,,,0.0,,,False,002713.npy
False,,,0.0,,,False,002714.npy
False,,,0.0,,,False,002715.npy
False,,,0.0,,,False,002716.npy
False,,,0.0,,,False,002717.npy
False,,,0.0,,,False,002718.npy
False,,,0.0,,,False,002719.npy
False,,,0.0,,,False,002720.npy
False,,,0.0,,,False,002721.npy
False,,,0.0,,,False,002722.npy
False,,,0.0,,,False,002723.npy
False,,,0.0,,,False,002724.npy
False,,,0.0,,,False,002725.npy
False,,,0.0,,,False,002726.npy
False,,,0.0,,,False,002727.npy
False,,,0.0,,,False,002728.npy
False,,,0.0,,,False,002729.npy
False,,,0.0,,,False,002730.npy
False,,,0.0,,,False,002731.npy
False,,,0.0,,,False,002732.npy
False,,,0.0,,,False,002733.npy
False,,,0.0,,,False,002734.npy
False,,,0.0,,,False,002735.npy
False,,,0.0,,,False,002736.npy
False,,,0.0,,,False,002737.npy
False,,,0.0,,,False,002738.npy
False,,,0.0,,,False,002739.npy
False,,,0.0,,,False,002740.npy
False,,,0.0,,,False,002741.npy
False,,,0.0,,,False,002742.npy
False,,,0.0,,,False,002743.npy
False,,,0.0,,,False,002744.npy
False,,,0.0,,,False,002745.npy
False,,,0.0,,,False,002746.npy
False,,,0.0,,,False,002747.npy
False,,,0.0,,,False,002748.npy
False,,,0.0,,,False,002749.npy
False,,,0.0,,,False,002750.npy
False,,,0.0,,,False,002751.npy
False,,,0.0,,,False,002752.npy
False,,,0.0,,,False,002753.npy
False,,,0.0,,,False,002754.npy
False,,,0.0,,,False,002755.npy
False,,,0.0,,,False,002756.npy
False,,,0.0,,,False,002757.npy
False,,,0.0,,,False,002758.npy
False,,,0.0,,,False,002759.npy
False,,,0.0,,,False,002760.npy
False,,,0.0,,,False,002761.npy
False,,,0.0,,,False,002762.npy
False,,,0.0,,,False,002763.npy
False,,,0.0,,,False,002764.npy
False,,,0.0,,,False,002765.npy
False,,,0.0,,,False,002766.npy
False,,,0.0,,,False,002767.npy
False,,,0.0,,,False,002768.npy
False,,,0.0,,,False,002769.npy
False,,,0.0,,,False,002770.npy
False,,,0.0,,,False,002771.npy
False,,,0.0,,,False,002772.npy
False,,,0.0,,,False,002773.npy
False,,,0.0,,,False,002774.npy
False,,,0.0,,,False,002775.npy
False,,,0.0,,,False,002776.npy
False,,,0.0,,,False,002777.npy
False,,,0.0,,,False,002778.npy
False,,,0.0,,,False,002779.npy
False,,,0.0,,,False,002780.npy
False,,,0.0,,,False,002781.npy
False,,,0.0,,,False,002782.npy
False,,,0.0,,,False,002783.npy
False,,,0.0,,,False,002784.npy
False,,,0.0,,,False,002785.npy
False,,,0.0,,,False,002786.npy
False,,,0.0,,,False,002787.npy
False,,,0.0,,,False,002788.npy
False,,,0.0,,,False,002789.npy
False,,,0.0,,,False,002790.npy
False,,,0.0,,,False,002791.npy
False,,,0.0,,,False,002792.npy
False,,,0.0,,,False,002793.npy
False,,,0.0,,,False,002794.npy
False,,,0.0,,,False,002795.npy
False,,,0.0,,,False,002796.npy
False,,,0.0,,,False,002797.npy
False,,,0.0,,,False,002798.npy
False,,,0.0,,,False,002799.npy
False,,,0.0,,,False,002800.npy
False,,,0.0,,,False,002801.npy
False,,,0.0,,,False,002802.npy
False,,,0.0,,,False,002803.npy
False,,,0.0,,,False,002804.npy
False,,,0.0,,,False,002805.npy
False,,,0.0,,,False,002806.npy
False,,,0.0,,,False,002807.npy
False,,,0.0,,,False,002808.npy
False,,,0.0,,,False,002809.npy
False,,,0.0,,,False,002810.npy
False,,,0.0,,,False,002811.npy
False,,,0.0,,,False,002812.npy
False,,,0.0,,,False,002813.npy
False,,,0.0,,,False,002814.npy
False,,,0.0,,,False,002815.npy
False,,,0.0,,,False,002816.npy
False,,,0.0,,,False,002817.npy
False,,,0.0,,,False,002818.npy
False,,,0.0,,,False,002819.npy
False,,,0.0,,,False,002820.npy
False,,,0.0,,,False,002821.npy
False,,,0.0,,,False,002822.npy
False,,,0.0,,,False,002823.npy
False,,,0.0,,,False,002824.npy
False,,,0.0,,,False,002825.npy
False,,,0.0,,,False,002826.npy
False,,,0.0,,,False,002827.npy
False,,,0.0,,,False,002828.npy
False,,,0.0,,,False,002829.npy
False,,,0.0,,,False,002830.npy
False,,,0.0,,,False,002831.npy
False,,,0.0,,,False,002832.npy
False,,,0.0,,,False,002833.npy
False,,,0.0,,,False,002834.npy
False,,,0.0,,,False,002835.npy
False,,,0.0,,,False,002836.npy
False,,,0.0,,,False,002837.npy
False,,,0.0,,,False,002838.npy
False,,,0.0,,,False,002839.npy
False,,,0.0,,,False,002840.npy
False,,,0.0,,,False,002841.npy
False,,,0.0,,,False,002842.npy
False,,,0.0,,,False,002843.npy
False,,,0.0,,,False,002844.npy
False,,,0.0,,,False,002845.npy
False,,,0.0,,,False,002846.npy
False,,,0.0,,,False,002847.npy
False,,,0.0,,,False,002848.npy
False,,,0.0,,,False,002849.npy
False,,,0.0,,,False,002850.npy
False,,,0.0,,,False,002851.npy
False,,,0.0,,,False,002852.npy
False,,,0.0,,,False,002853.npy
False,,,0.0,,,False,002854.npy
False,,,0.0,,,False,002855.npy
False,,,0.0,,,False,002856.npy
False,,,0.0,,,False,002857.npy
False,,,0.0,,,False,002858.npy
False,,,0.0,,,False,002859.npy
False,,,0.0,,,False,002860.npy
False,,,0.0,,,False,002861.npy
False,,,0.0,,,False,002862.npy
False,,,0.0,,,False,002863.npy
False,,,0.0,,,False,002864.npy
False,,,0.0,,,False,002865.npy
False,,,0.0,,,False,002866.npy
False,,,0.0,,,False,002867.npy
False,,,0.0,,,False,002868.npy
False,,,0.0,,,False,002869.npy
False,,,0.0,,,False,002870.npy
False,,,0.0,,,False,002871.npy
False,,,0.0,,,False,002872.npy
False,,,0.0,,,False,002873.npy
False,,,0.0,,,False,002874.npy
False,,,0.0,,,False,002875.npy
False,,,0.0,,,False,002876.npy
False,,,0.0,,,False,002877.npy
False,,,0.0,,,False,002878.npy
False,,,0.0,,,False,002879.npy
False,,,0.0,,,False,002880.npy
False,,,0.0,,,False,002881.npy
False,,,0.0,,,False,002882.npy
False,,,0.0,,,False,002883.npy
False,,,0.0,,,False,002884.npy
False,,,0.0,,,False,002885.npy
False,,,0.0,,,False,002886.npy
False,,,0.0,,,False,002887.npy
False,,,0.0,,,False,002888.npy
False,,,0.0,,,False,002889.npy
False,,,0.0,,,False,002890.npy
False,,,0.0,,,False,002891.npy
False,,,0.0,,,False,002892.npy
False,,,0.0,,,False,002893.npy
False,,,0.0,,,False,002894.npy
False,,,0.0,,,False,002895.npy
False,,,0.0,,,False,002896.npy
False,,,0.0,,,False,002897.npy
False,,,0.0,,,False,002898.npy
False,,,0.0,,,False,002899.npy
False,,,0.0,,,False,002900.npy
False,,,0.0,,,False,002901.npy
False,,,0.0,,,False,002902.npy
False,,,0.0,,,False,002903.npy
False,,,0.0,,,False,002904.npy
False,,,0.0,,,False,002905.npy
False,,,0.0,,,False,002906.npy
False,,,0.0,,,False,002907.npy
False,,,0.0,,,False,002908.npy
False,,,0.0,,,False,002909.npy
False,,,0.0,,,False,002910.npy
False,,,0.0,,,False,002911.npy
False,,,0.0,,,False,002912.npy
False,,,0.0,,,False,002913.npy
False,,,0.0,,,False,002914.npy
False,,,0.0,,,False,002915.npy
False,,,0.0,,,False,002916.npy
False,,,0.0,,,False,002917.npy
False,,,0.0,,,False,002918.npy
False,,,0.0,,,False,002919.npy
False,,,0.0,,,False,002920.npy
False,,,0.0,,,False,002921.npy
False,,,0.0,,,False,002922.npy
False,,,0.0,,,False,002923.npy
False,,,0.0,,,False,002924.npy
False,,,0.0,,,False,002925.npy
False,,,0.0,,,False,002926.npy
False,,,0.0,,,False,002927.npy
False,,,0.0,,,False,002928.npy
False,,,0.0,,,False,002929.npy
False,,,0.0,,,False,002930.npy
False,,,0.0,,,False,002931.npy
False,,,0.0,,,False,002932.npy
False,,,0.0,,,False,002933.npy
False,,,0.0,,,False,002934.npy
False,,,0.0,,,False,002935.npy
False,,,0.0,,,False,002936.npy
False,,,0.0,,,False,002937.npy
False,,,0.0,,,False,002938.npy
False,,,0.0,,,False,002939.npy
False,,,0.0,,,False,002940.npy
False,,,0.0,,,False,002941.npy
False,,,0.0,,,False,002942.npy
False,,,0.0,,,False,002943.npy
False,,,0.0,,,False,002944.npy
False,,,0.0,,,False,002945.npy
False,,,0.0,,,False,002946.npy
False,,,0.0,,,False,002947.npy
False,,,0.0,,,False,002948.npy
False,,,0.0,,,False,002949.npy
False,,,0.0,,,False,002950.npy
False,,,0.0,,,False,002951.npy
False,,,0.0,,,False,002952.npy
False,,,0.0,,,False,002953.npy
False,,,0.0,,,False,002954.npy
False,,,0.0,,,False,002955.npy
False,,,0.0,,,False,002956.npy
False,,,0.0,,,False,002957.npy
False,,,0.0,,,False,002958.npy
False,,,0.0,,,False,002959.npy
False,,,0.0,,,False,002960.npy
False,,,0.0,,,False,002961.npy
False,,,0.0,,,False,002962.npy
False,,,0.0,,,False,002963.npy
False,,,0.0,,,False,002964.npy
False,,,0.0,,,False,002965.npy
False,,,0.0,,,False,002966.npy
False,,,0.0,,,False,002967.npy
False,,,0.0,,,False,002968.npy
False,,,0.0,,,False,002969.npy
False,,,0.0,,,False,002970.npy
False,,,0.0,,,False,002971.npy
False,,,0.0,,,False,002972.npy
False,,,0.0,,,False,002973.npy
False,,,0.0,,,False,002974.npy
False,,,0.0,,,False,002975.npy
False,,,0.0,,,False,002976.npy
False,,,0.0,,,False,002977.npy
False,,,0.0,,,False,002978.npy
False,,,0.0,,,False,002979.npy
False,,,0.0,,,False,002980.npy
False,,,0.0,,,False,002981.npy
False,,,0.0,,,False,002982.npy
False,,,0.0,,,False,002983.npy
False,,,0.0,,,False,002984.npy
False,,,0.0,,,False,002985.npy
False,,,0.0,,,False,002986.npy
False,,,0.0,,,False,002987.npy
False,,,0.0,,,False,002988.npy
False,,,0.0,,,False,002989.npy
False,,,0.0,,,False,002990.npy
False,,,0.0,,,False,002991.npy
False,,,0.0,,,False,002992.npy
False,,,0.0,,,False,002993.npy
False,,,0.0,,,False,002994.npy
False,,,0.0,,,False,002995.npy
False,,,0.0,,,False,002996.npy
False,,,0.0,,,False,002997.npy
False,,,0.0,,,False,002998.npy
False,,,0.0,,,False,002999.npy
False,,,0.0,,,False,003000.npy
False,,,0.0,,,False,003001.npy
False,,,0.0,,,False,003002.npy
False,,,0.0,,,False,003003.npy
False,,,0.0,,,False,003004.npy
False,,,0.0,,,False,003005.npy
False,,,0.0,,,False,003006.npy
False,,,0.0,,,False,003007.npy
False,,,0.0,,,False,003008.npy
False,,,0.0,,,False,003009.npy
False,,,0.0,,,False,003010.npy
False,,,0.0,,,False,003011.npy
False,,,0.0,,,False,003012.npy
False,,,0.0,,,False,003013.npy
False,,,0.0,,,False,003014.npy
False,,,0.0,,,False,003015.npy
False,,,0.0,,,False,003016.npy
False,,,0.0,,,False,003017.npy
False,,,0.0,,,False,003018.npy
False,,,0.0,,,False,003019.npy
False,,,0.0,,,False,003020.npy
False,,,0.0,,,False,003021.npy
False,,,0.0,,,False,003022.npy
False,,,0.0,,,False,003023.npy
False,,,0.0,,,False,003024.npy
False,,,0.0,,,False,003025.npy
False,,,0.0,,,False,003026.npy
False,,,0.0,,,False,003027.npy
False,,,0.0,,,False,003028.npy
False,,,0.0,,,False,003029.npy
False,,,0.0,,,False,003030.npy
False,,,0.0,,,False,003031.npy
False,,,0.0,,,False,003032.npy
False,,,0.0,,,False,003033.npy
False,,,0.0,,,False,003034.npy
False,,,0.0,,,False,003035.npy
False,,,0.0,,,False,003036.npy
False,,,0.0,,,False,003037.npy
False,,,0.0,,,False,003038.npy
False,,,0.0,,,False,003039.npy
False,,,0.0,,,False,003040.npy
False,,,0.0,,,False,003041.npy
False,,,0.0,,,False,003042.npy
False,,,0.0,,,False,003043.npy
False,,,0.0,,,False,003044.npy
False,,,0.0,,,False,003045.npy
False,,,0.0,,,False,003046.npy
False,,,0.0,,,False,003047.npy
False,,,0.0,,,False,003048.npy
False,,,0.0,,,False,003049.npy
False,,,0.0,,,False,003050.npy
False,,,0.0,,,False,003051.npy
False,,,0.0,,,False,003052.npy
False,,,0.0,,,False,003053.npy
False,,,0.0,,,False,003054.npy
False,,,0.0,,,False,003055.npy
False,,,0.0,,,False,003056.npy
False,,,0.0,,,False,003057.npy
False,,,0.0,,,False,003058.npy
False,,,0.0,,,False,003059.npy
False,,,0.0,,,False,003060.npy
False,,,0.0,,,False,003061.npy
False,,,0.0,,,False,003062.npy
False,,,0.0,,,False,003063.npy
False,,,0.0,,,False,003064.npy
False,,,0.0,,,False,003065.npy
False,,,0.0,,,False,003066.npy
False,,,0.0,,,False,003067.npy
False,,,0.0,,,False,003068.npy
False,,,0.0,,,False,003069.npy
False,,,0.0,,,False,003070.npy
False,,,0.0,,,False,003071.npy
False,,,0.0,,,False,003072.npy
False,,,0.0,,,False,003073.npy
False,,,0.0,,,False,003074.npy
False,,,0.0,,,False,003075.npy
False,,,0.0,,,False,003076.npy
False,,,0.0,,,False,003077.npy
False,,,0.0,,,False,003078.npy
False,,,0.0,,,False,003079.npy
False,,,0.0,,,False,003080.npy
False,,,0.0,,,False,003081.npy
False,,,0.0,,,False,003082.npy
False,,,0.0,,,False,003083.npy
False,,,0.0,,,False,003084.npy
False,,,0.0,,,False,003085.npy
False,,,0.0,,,False,003086.npy
False,,,0.0,,,False,003087.npy
False,,,0.0,,,False,003088.npy
False,,,0.0,,,False,003089.npy
False,,,0.0,,,False,003090.npy
False,,,0.0,,,False,003091.npy
False,,,0.0,,,False,003092.npy
False,,,0.0,,,False,003093.npy
False,,,0.0,,,False,003094.npy
False,,,0.0,,,False,003095.npy
False,,,0.0,,,False,003096.npy
False,,,0.0,,,False,003097.npy
False,,,0.0,,,False,003098.npy
False,,,0.0,,,False,003099.npy
False,,,0.0,,,False,003100.npy
False,,,0.0,,,False,003101.npy
False,,,0.0,,,False,003102.npy
False,,,0.0,,,False,003103.npy
False,,,0.0,,,False,003104.npy
False,,,0.0,,,False,003105.npy
False,,,0.0,,,False,003106.npy
False,,,0.0,,,False,003107.npy
False,,,0.0,,,False,003108.npy
False,,,0.0,,,False,003109.npy
False,,,0.0,,,False,003110.npy
False,,,0.0,,,False,003111.npy
False,,,0.0,,,False,003112.npy
False,,,0.0,,,False,003113.npy
False,,,0.0,,,False,003114.npy
False,,,0.0,,,False,003115.npy
False,,,0.0,,,False,003116.npy
False,,,0.0,,,False,003117.npy
False,,,0.0,,,False,003118.npy
False,,,0.0,,,False,003119.npy
False,,,0.0,,,False,003120.npy
False,,,0.0,,,False,003121.npy
False,,,0.0,,,False,003122.npy
False,,,0.0,,,False,003123.npy
False,,,0.0,,,False,003124.npy
False,,,0.0,,,False,003125.npy
False,,,0.0,,,False,003126.npy
False,,,0.0,,,False,003127.npy
False,,,0.0,,,False,003128.npy
False,,,0.0,,,False,003129.npy
False,,,0.0,,,False,003130.npy
False,,,0.0,,,False,003131.npy
False,,,0.0,,,False,003132.npy
False,,,0.0,,,False,003133.npy
False,,,0.0,,,False,003134.npy
False,,,0.0,,,False,003135.npy
False,,,0.0,,,False,003136.npy
False,,,0.0,,,False,003137.npy
False,,,0.0,,,False,003138.npy
False,,,0.0,,,False,003139.npy
False,,,0.0,,,False,003140.npy
False,,,0.0,,,False,003141.npy
False,,,0.0,,,False,003142.npy
False,,,0.0,,,False,003143.npy
False,,,0.0,,,False,003144.npy
False,,,0.0,,,False,003145.npy
False,,,0.0,,,False,003146.npy
False,,,0.0,,,False,003147.npy
False,,,0.0,,,False,003148.npy
False,,,0.0,,,False,003149.npy
False,,,0.0,,,False,003150.npy
False,,,0.0,,,False,003151.npy
False,,,0.0,,,False,003152.npy
False,,,0.0,,,False,003153.npy
False,,,0.0,,,False,003154.npy
False,,,0.0,,,False,003155.npy
False,,,0.0,,,False,003156.npy
False,,,0.0,,,False,003157.npy
False,,,0.0,,,False,003158.npy
False,,,0.0,,,False,003159.npy
False,,,0.0,,,False,003160.npy
False,,,0.0,,,False,003161.npy
False,,,0.0,,,False,003162.npy
False,,,0.0,,,False,003163.npy
False,,,0.0,,,False,003164.npy
False,,,0.0,,,False,003165.npy
False,,,0.0,,,False,003166.npy
False,,,0.0,,,False,003167.npy
False,,,0.0,,,False,003168.npy
False,,,0.0,,,False,003169.npy
False,,,0.0,,,False,003170.npy
False,,,0.0,,,False,003171.npy
False,,,0.0,,,False,003172.npy
False,,,0.0,,,False,003173.npy
False,,,0.0,,,False,003174.npy
False,,,0.0,,,False,003175.npy
False,,,0.0,,,False,003176.npy
False,,,0.0,,,False,003177.npy
False,,,0.0,,,False,003178.npy
False,,,0.0,,,False,003179.npy
False,,,0.0,,,False,003180.npy
False,,,0.0,,,False,003181.npy
False,,,0.0,,,False,003182.npy
False,,,0.0,,,False,003183.npy
False,,,0.0,,,False,003184.npy
False,,,0.0,,,False,003185.npy
False,,,0.0,,,False,003186.npy
False,,,0.0,,,False,003187.npy
False,,,0.0,,,False,003188.npy
False,,,0.0,,,False,003189.npy
False,,,0.0,,,False,003190.npy
False,,,0.0,,,False,003191.npy
False,,,0.0,,,False,003192.npy
False,,,0.0,,,False,003193.npy
False,,,0.0,,,False,003194.npy
False,,,0.0,,,False,003195.npy
False,,,0.0,,,False,003196.npy
False,,,0.0,,,False,003197.npy
False,,,0.0,,,False,003198.npy
False,,,0.0,,,False,003199.npy
False,,,0.0,,,False,003200.npy
False,,,0.0,,,False,003201.npy
False,,,0.0,,,False,003202.npy
False,,,0.0,,,False,003203.npy
False,,,0.0,,,False,003204.npy
False,,,0.0,,,False,003205.npy
False,,,0.0,,,False,003206.npy
False,,,0.0,,,False,003207.npy
False,,,0.0,,,False,003208.npy
False,,,0.0,,,False,003209.npy
False,,,0.0,,,False,003210.npy
False,,,0.0,,,False,003211.npy
False,,,0.0,,,False,003212.npy
False,,,0.0,,,False,003213.npy
False,,,0.0,,,False,003214.npy
False,,,0.0,,,False,003215.npy
False,,,0.0,,,False,003216.npy
False,,,0.0,,,False,003217.npy
False,,,0.0,,,False,003218.npy
False,,,0.0,,,False,003219.npy
False,,,0.0,,,False,003220.npy
False,,,0.0,,,False,003221.npy
False,,,0.0,,,False,003222.npy
False,,,0.0,,,False,003223.npy
False,,,0.0,,,False,003224.npy
False,,,0.0,,,False,003225.npy
False,,,0.0,,,False,003226.npy
False,,,0.0,,,False,003227.npy
False,,,0.0,,,False,003228.npy
False,,,0.0,,,False,003229.npy
False,,,0.0,,,False,003230.npy
False,,,0.0,,,False,003231.npy
False,,,0.0,,,False,003232.npy
False,,,0.0,,,False,003233.npy
False,,,0.0,,,False,003234.npy
False,,,0.0,,,False,003235.npy
False,,,0.0,,,False,003236.npy
False,,,0.0,,,False,003237.npy
False,,,0.0,,,False,003238.npy
False,,,0.0,,,False,003239.npy
True,227.0,below,0.109375,0.916265606880188,0.9139229910714286,False,003240.npy
False,,,0.0,,,False,003241.npy
False,,,0.0,,,False,003242.npy
False,,,0.0,,,False,003243.npy
False,,,0.0,,,False,003244.npy
False,,,0.0,,,False,003245.npy
False,,,0.0,,,False,003246.npy
False,,,0.0,,,False,003247.npy
False,,,0.0,,,False,003248.npy
False,,,0.0,,,False,003249.npy
False,,,0.0,,,False,003250.npy
False,,,0.0,,,False,003251.npy
False,,,0.0,,,False,003252.npy
False,,,0.0,,,False,003253.npy
False,,,0.0,,,False,003254.npy
False,,,0.0,,,False,003255.npy
False,,,0.0,,,False,003256.npy
False,,,0.0,,,False,003257.npy
False,,,0.0,,,False,003258.npy
False,,,0.0,,,False,003259.npy
False,,,0.0,,,False,003260.npy
False,,,0.0,,,False,003261.npy
False,,,0.0,,,False,003262.npy
False,,,0.0,,,False,003263.npy
False,,,0.0,,,False,003264.npy
False,,,0.0,,,False,003265.npy
False,,,0.0,,,False,003266.npy
False,,,0.0,,,False,003267.npy
False,,,0.0,,,False,003268.npy
False,,,0.0,,,False,003269.npy
False,,,0.0,,,False,003270.npy
False,,,0.0,,,False,003271.npy
False,,,0.0,,,False,003272.npy
False,,,0.0,,,False,003273.npy
False,,,0.0,,,False,003274.npy
False,,,0.0,,,False,003275.npy
False,,,0.0,,,False,003276.npy
False,,,0.0,,,False,003277.npy
False,,,0.0,,,False,003278.npy
False,,,0.0,,,False,003279.npy
False,,,0.0,,,False,003280.npy
False,,,0.0,,,False,003281.npy
False,,,0.0,,,False,003282.npy
False,,,0.0,,,False,003283.npy
False,,,0.0,,,False,003284.npy
False,,,0.0,,,False,003285.npy
False,,,0.0,,,False,003286.npy
False,,,0.0,,,False,003287.npy
False,,,0.0,,,False,003288.npy
False,,,0.0,,,False,003289.npy
False,,,0.0,,,False,003290.npy
False,,,0.0,,,False,003291.npy
False,,,0.0,,,False,003292.npy
False,,,0.0,,,False,003293.npy
False,,,0.0,,,False,003294.npy
False,,,0.0,,,False,003295.npy
False,,,0.0,,,False,003296.npy
False,,,0.0,,,False,003297.npy
False,,,0.0,,,False,003298.npy
False,,,0.0,,,False,003299.npy
False,,,0.0,,,False,003300.npy
False,,,0.0,,,False,003301.npy
False,,,0.0,,,False,003302.npy
False,,,0.0,,,False,003303.npy
False,,,0.0,,,False,003304.npy
False,,,0.0,,,False,003305.npy
False,,,0.0,,,False,003306.npy
False,,,0.0,,,False,003307.npy
False,,,0.0,,,False,003308.npy
False,,,0.0,,,False,003309.npy
False,,,0.0,,,False,003310.npy
False,,,0.0,,,False,003311.npy
False,,,0.0,,,False,003312.npy
False,,,0.0,,,False,003313.npy
False,,,0.0,,,False,003314.npy
False,,,0.0,,,False,003315.npy
False,,,0.0,,,False,003316.npy
False,,,0.0,,,False,003317.npy
False,,,0.0,,,False,003318.npy
False,,,0.0,,,False,003319.npy
False,,,0.0,,,False,003320.npy
False,,,0.0,,,False,003321.npy
False,,,0.0,,,False,003322.npy
False,,,0.0,,,False,003323.npy
False,,,0.0,,,False,003324.npy
False,,,0.0,,,False,003325.npy
False,,,0.0,,,False,003326.npy
False,,,0.0,,,False,003327.npy
False,,,0.0,,,False,003328.npy
False,,,0.0,,,False,003329.npy
False,,,0.0,,,False,003330.npy
False,,,0.0,,,False,003331.npy
False,,,0.0,,,False,003332.npy
False,,,0.0,,,False,003333.npy
False,,,0.0,,,False,003334.npy
False,,,0.0,,,False,003335.npy
False,,,0.0,,,False,003336.npy
False,,,0.0,,,False,003337.npy
False,,,0.0,,,False,003338.npy
False,,,0.0,,,False,003339.npy
False,,,0.0,,,False,003340.npy
False,,,0.0,,,False,003341.npy
False,,,0.0,,,False,003342.npy
False,,,0.0,,,False,003343.npy
False,,,0.0,,,False,003344.npy
False,,,0.0,,,False,003345.npy
False,,,0.0,,,False,003346.npy
False,,,0.0,,,False,003347.npy
False,,,0.0,,,False,003348.npy
False,,,0.0,,,False,003349.npy
False,,,0.0,,,False,003350.npy
False,,,0.0,,,False,003351.npy
False,,,0.0,,,False,003352.npy
False,,,0.0,,,False,003353.npy
False,,,0.0,,,False,003354.npy
False,,,0.0,,,False,003355.npy
False,,,0.0,,,False,003356.npy
False,,,0.0,,,False,003357.npy
False,,,0.0,,,False,003358.npy
False,,,0.0,,,False,003359.npy
False,,,0.0,,,False,003360.npy
False,,,0.0,,,False,003361.npy
False,,,0.0,,,False,003362.npy
False,,,0.0,,,False,003363.npy
False,,,0.0,,,False,003364.npy
False,,,0.0,,,False,003365.npy
False,,,0.0,,,False,003366.npy
False,,,0.0,,,False,003367.npy
False,,,0.0,,,False,003368.npy
False,,,0.0,,,False,003369.npy
False,,,0.0,,,False,003370.npy
False,,,0.0,,,False,003371.npy
False,,,0.0,,,False,003372.npy
False,,,0.0,,,False,003373.npy
False,,,0.0,,,False,003374.npy
False,,,0.0,,,False,003375.npy
False,,,0.0,,,False,003376.npy
False,,,0.0,,,False,003377.npy
False,,,0.0,,,False,003378.npy
False,,,0.0,,,False,003379.npy
False,,,0.0,,,False,003380.npy
False,,,0.0,,,False,003381.npy
False,,,0.0,,,False,003382.npy
False,,,0.0,,,False,003383.npy
False,,,0.0,,,False,003384.npy
False,,,0.0,,,False,003385.npy
False,,,0.0,,,False,003386.npy
False,,,0.0,,,False,003387.npy
False,,,0.0,,,False,003388.npy
False,,,0.0,,,False,003389.npy
False,,,0.0,,,False,003390.npy
False,,,0.0,,,False,003391.npy
False,,,0.0,,,False,003392.npy
False,,,0.0,,,False,003393.npy
False,,,0.0,,,False,003394.npy
False,,,0.0,,,False,003395.npy
False,,,0.0,,,False,003396.npy
False,,,0.0,,,False,003397.npy
False,,,0.0,,,False,003398.npy
False,,,0.0,,,False,003399.npy
False,,,0.0,,,False,003400.npy
False,,,0.0,,,False,003401.npy
False,,,0.0,,,False,003402.npy
False,,,0.0,,,False,003403.npy
False,,,0.0,,,False,003404.npy
False,,,0.0,,,False,003405.npy
False,,,0.0,,,False,003406.npy
False,,,0.0,,,False,003407.npy
False,,,0.0,,,False,003408.npy
False,,,0.0,,,False,003409.npy
False,,,0.0,,,False,003410.npy
False,,,0.0,,,False,003411.npy
False,,,0.0,,,False,003412.npy
False,,,0.0,,,False,003413.npy
False,,,0.0,,,False,003414.npy
False,,,0.0,,,False,003415.npy
False,,,0.0,,,False,003416.npy
False,,,0.0,,,False,003417.npy
False,,,0.0,,,False,003418.npy
False,,,0.0,,,False,003419.npy
False,,,0.0,,,False,003420.npy
False,,,0.0,,,False,003421.npy
False,,,0.0,,,False,003422.npy
False,,,0.0,,,False,003423.npy
False,,,0.0,,,False,003424.npy
False,,,0.0,,,False,003425.npy
False,,,0.0,,,False,003426.npy
False,,,0.0,,,False,003427.npy
False,,,0.0,,,False,003428.npy
False,,,0.0,,,False,003429.npy
False,,,0.0,,,False,003430.npy
False,,,0.0,,,False,003431.npy
False,,,0.0,,,False,003432.npy
False,,,0.0,,,False,003433.npy
False,,,0.0,,,False,003434.npy
False,,,0.0,,,False,003435.npy
False,,,0.0,,,False,003436.npy
False,,,0.0,,,False,003437.npy
False,,,0.0,,,False,003438.npy
False,,,0.0,,,False,003439.npy
False,,,0.0,,,False,003440.npy
False,,,0.0,,,False,003441.npy
False,,,0.0,,,False,003442.npy
False,,,0.0,,,False,003443.npy
False,,,0.0,,,False,003444.npy
False,,,0.0,,,False,003445.npy
False,,,0.0,,,False,003446.npy
False,,,0.0,,,False,003447.npy
False,,,0.0,,,False,003448.npy
False,,,0.0,,,False,003449.npy
False,,,0.0,,,False,003450.npy
False,,,0.0,,,False,003451.npy
False,,,0.0,,,False,003452.npy
False,,,0.0,,,False,003453.npy
False,,,0.0,,,False,003454.npy
False,,,0.0,,,False,003455.npy
False,,,0.0,,,False,003456.npy
False,,,0.0,,,False,003457.npy
False,,,0.0,,,False,003458.npy
False,,,0.0,,,False,003459.npy
False,,,0.0,,,False,003460.npy
False,,,0.0,,,False,003461.npy
False,,,0.0,,,False,003462.npy
False,,,0.0,,,False,003463.npy
False,,,0.0,,,False,003464.npy
False,,,0.0,,,False,003465.npy
False,,,0.0,,,False,003466.npy
False,,,0.0,,,False,003467.npy
False,,,0.0,,,False,003468.npy
False,,,0.0,,,False,003469.npy
False,,,0.0,,,False,003470.npy
False,,,0.0,,,False,003471.npy
False,,,0.0,,,False,003472.npy
False,,,0.0,,,False,003473.npy
False,,,0.0,,,False,003474.npy
False,,,0.0,,,False,003475.npy
False,,,0.0,,,False,003476.npy
False,,,0.0,,,False,003477.npy
False,,,0.0,,,False,003478.npy
False,,,0.0,,,False,003479.npy
False,,,0.0,,,False,003480.npy
False,,,0.0,,,False,003481.npy
False,,,0.0,,,False,003482.npy
False,,,0.0,,,False,003483.npy
False,,,0.0,,,False,003484.npy
False,,,0.0,,,False,003485.npy
False,,,0.0,,,False,003486.npy
False,,,0.0,,,False,003487.npy
False,,,0.0,,,False,003488.npy
False,,,0.0,,,False,003489.npy
False,,,0.0,,,False,003490.npy
False,,,0.0,,,False,003491.npy
False,,,0.0,,,False,003492.npy
False,,,0.0,,,False,003493.npy
False,,,0.0,,,False,003494.npy
False,,,0.0,,,False,003495.npy
False,,,0.0,,,False,003496.npy
False,,,0.0,,,False,003497.npy
False,,,0.0,,,False,003498.npy
False,,,0.0,,,False,003499.npy
False,,,0.0,,,False,003500.npy
False,,,0.0,,,False,003501.npy
False,,,0.0,,,False,003502.npy
False,,,0.0,,,False,003503.npy
False,,,0.0,,,False,003504.npy
False,,,0.0,,,False,003505.npy
False,,,0.0,,,False,003506.npy
False,,,0.0,,,False,003507.npy
False,,,0.0,,,False,003508.npy
False,,,0.0,,,False,003509.npy
False,,,0.0,,,False,003510.npy
False,,,0.0,,,False,003511.npy
False,,,0.0,,,False,003512.npy
False,,,0.0,,,False,003513.npy
False,,,0.0,,,False,003514.npy
False,,,0.0,,,False,003515.npy
False,,,0.0,,,False,003516.npy
False,,,0.0,,,False,003517.npy
False,,,0.0,,,False,003518.npy
False,,,0.0,,,False,003519.npy
False,,,0.0,,,False,003520.npy
False,,,0.0,,,False,003521.npy
False,,,0.0,,,False,003522.npy
False,,,0.0,,,False,003523.npy
False,,,0.0,,,False,003524.npy
False,,,0.0,,,False,003525.npy
False,,,0.0,,,False,003526.npy
False,,,0.0,,,False,003527.npy
False,,,0.0,,,False,003528.npy
False,,,0.0,,,False,003529.npy
False,,,0.0,,,False,003530.npy
False,,,0.0,,,False,003531.npy
False,,,0.0,,,False,003532.npy
False,,,0.0,,,False,003533.npy
False,,,0.0,,,False,003534.npy
False,,,0.0,,,False,003535.npy
False,,,0.0,,,False,003536.npy
False,,,0.0,,,False,003537.npy
False,,,0.0,,,False,003538.npy
False,,,0.0,,,False,003539.npy
False,,,0.0,,,False,003540.npy
False,,,0.0,,,False,003541.npy
False,,,0.0,,,False,003542.npy
False,,,0.0,,,False,003543.npy
False,,,0.0,,,False,003544.npy
False,,,0.0,,,False,003545.npy
False,,,0.0,,,False,003546.npy
False,,,0.0,,,False,003547.npy
False,,,0.0,,,False,003548.npy
False,,,0.0,,,False,003549.npy
False,,,0.0,,,False,003550.npy
False,,,0.0,,,False,003551.npy
False,,,0.0,,,False,003552.npy
False,,,0.0,,,False,003553.npy
False,,,0.0,,,False,003554.npy
False,,,0.0,,,False,003555.npy
False,,,0.0,,,False,003556.npy
False,,,0.0,,,False,003557.npy
False,,,0.0,,,False,003558.npy
False,,,0.0,,,False,003559.npy
False,,,0.0,,,False,003560.npy
False,,,0.0,,,False,003561.npy
False,,,0.0,,,False,003562.npy
False,,,0.0,,,False,003563.npy
False,,,0.0,,,False,003564.npy
False,,,0.0,,,False,003565.npy
False,,,0.0,,,False,003566.npy
False,,,0.0,,,False,003567.npy
False,,,0.0,,,False,003568.npy
False,,,0.0,,,False,003569.npy
False,,,0.0,,,False,003570.npy
False,,,0.0,,,False,003571.npy
False,,,0.0,,,False,003572.npy
False,,,0.0,,,False,003573.npy
False,,,0.0,,,False,003574.npy
False,,,0.0,,,False,003575.npy
False,,,0.0,,,False,003576.npy
False,,,0.0,,,False,003577.npy
False,,,0.0,,,False,003578.npy
False,,,0.0,,,False,003579.npy
False,,,0.0,,,False,003580.npy
False,,,0.0,,,False,003581.npy
False,,,0.0,,,False,003582.npy
False,,,0.0,,,False,003583.npy
False,,,0.0,,,False,003584.npy
False,,,0.0,,,False,003585.npy
False,,,0.0,,,False,003586.npy
False,,,0.0,,,False,003587.npy
False,,,0.0,,,False,003588.npy
False,,,0.0,,,False,003589.npy
False,,,0.0,,,False,003590.npy
False,,,0.0,,,False,003591.npy
False,,,0.0,,,False,003592.npy
False,,,0.0,,,False,003593.npy
False,,,0.0,,,False,003594.npy
False,,,0.0,,,False,003595.npy
False,,,0.0,,,False,003596.npy
False,,,0.0,,,False,003597.npy
False,,,0.0,,,False,003598.npy
False,,,0.0,,,False,003599.npy
False,,,0.0,,,False,003600.npy
False,,,0.0,,,False,003601.npy
False,,,0.0,,,False,003602.npy
False,,,0.0,,,False,003603.npy
False,,,0.0,,,False,003604.npy
False,,,0.0,,,False,003605.npy
False,,,0.0,,,False,003606.npy
False,,,0.0,,,False,003607.npy
False,,,0.0,,,False,003608.npy
False,,,0.0,,,False,003609.npy
False,,,0.0,,,False,003610.npy
False,,,0.0,,,False,003611.npy
False,,,0.0,,,False,003612.npy
False,,,0.0,,,False,003613.npy
False,,,0.0,,,False,003614.npy
False,,,0.0,,,False,003615.npy
False,,,0.0,,,False,003616.npy
False,,,0.0,,,False,003617.npy
False,,,0.0,,,False,003618.npy
False,,,0.0,,,False,003619.npy
False,,,0.0,,,False,003620.npy
False,,,0.0,,,False,003621.npy
False,,,0.0,,,False,003622.npy
False,,,0.0,,,False,003623.npy
False,,,0.0,,,False,003624.npy
False,,,0.0,,,False,003625.npy
False,,,0.0,,,False,003626.npy
False,,,0.0,,,False,003627.npy
False,,,0.0,,,False,003628.npy
False,,,0.0,,,False,003629.npy
False,,,0.0,,,False,003630.npy
False,,,0.0,,,False,003631.npy
False,,,0.0,,,False,003632.npy
False,,,0.0,,,False,003633.npy
False,,,0.0,,,False,003634.npy
False,,,0.0,,,False,003635.npy
False,,,0.0,,,False,003636.npy
False,,,0.0,,,False,003637.npy
False,,,0.0,,,False,003638.npy
False,,,0.0,,,False,003639.npy
False,,,0.0,,,False,003640.npy
False,,,0.0,,,False,003641.npy
False,,,0.0,,,False,003642.npy
False,,,0.0,,,False,003643.npy
False,,,0.0,,,False,003644.npy
False,,,0.0,,,False,003645.npy
False,,,0.0,,,False,003646.npy
False,,,0.0,,,False,003647.npy
False,,,0.0,,,False,003648.npy
False,,,0.0,,,False,003649.npy
False,,,0.0,,,False,003650.npy
False,,,0.0,,,False,003651.npy
False,,,0.0,,,False,003652.npy
False,,,0.0,,,False,003653.npy
False,,,0.0,,,False,003654.npy
False,,,0.0,,,False,003655.npy
False,,,0.0,,,False,003656.npy
False,,,0.0,,,False,003657.npy
False,,,0.0,,,False,003658.npy
False,,,0.0,,,False,003659.npy
False,,,0.0,,,False,003660.npy
False,,,0.0,,,False,003661.npy
False,,,0.0,,,False,003662.npy
False,,,0.0,,,False,003663.npy
False,,,0.0,,,False,003664.npy
False,,,0.0,,,False,003665.npy
False,,,0.0,,,False,003666.npy
False,,,0.0,,,False,003667.npy
False,,,0.0,,,False,003668.npy
False,,,0.0,,,False,003669.npy
False,,,0.0,,,False,003670.npy
False,,,0.0,,,False,003671.npy
False,,,0.0,,,False,003672.npy
False,,,0.0,,,False,003673.npy
False,,,0.0,,,False,003674.npy
False,,,0.0,,,False,003675.npy
False,,,0.0,,,False,003676.npy
False,,,0.0,,,False,003677.npy
False,,,0.0,,,False,003678.npy
False,,,0.0,,,False,003679.npy
False,,,0.0,,,False,003680.npy
False,,,0.0,,,False,003681.npy
False,,,0.0,,,False,003682.npy
False,,,0.0,,,False,003683.npy
False,,,0.0,,,False,003684.npy
False,,,0.0,,,False,003685.npy
False,,,0.0,,,False,003686.npy
False,,,0.0,,,False,003687.npy
False,,,0.0,,,False,003688.npy
False,,,0.0,,,False,003689.npy
False,,,0.0,,,False,003690.npy
False,,,0.0,,,False,003691.npy
False,,,0.0,,,False,003692.npy
False,,,0.0,,,False,003693.npy
False,,,0.0,,,False,003694.npy
False,,,0.0,,,False,003695.npy
False,,,0.0,,,False,003696.npy
False,,,0.0,,,False,003697.npy
False,,,0.0,,,False,003698.npy
False,,,0.0,,,False,003699.npy
False,,,0.0,,,False,003700.npy
False,,,0.0,,,False,003701.npy
False,,,0.0,,,False,003702.npy
False,,,0.0,,,False,003703.npy
False,,,0.0,,,False,003704.npy
False,,,0.0,,,False,003705.npy
False,,,0.0,,,False,003706.npy
False,,,0.0,,,False,003707.npy
False,,,0.0,,,False,003708.npy
False,,,0.0,,,False,003709.npy
False,,,0.0,,,False,003710.npy
False,,,0.0,,,False,003711.npy
False,,,0.0,,,False,003712.npy
False,,,0.0,,,False,003713.npy
False,,,0.0,,,False,003714.npy
False,,,0.0,,,False,003715.npy
False,,,0.0,,,False,003716.npy
True,144.0,above,0.5625,0.9628446102142334,0.9419216579861112,False,003717.npy
False,,,0.0,,,False,003718.npy
False,,,0.0,,,False,003719.npy
False,,,0.0,,,False,003720.npy
False,,,0.0,,,False,003721.npy
False,,,0.0,,,False,003722.npy
False,,,0.0,,,False,003723.npy
False,,,0.0,,,False,003724.npy
False,,,0.0,,,False,003725.npy
False,,,0.0,,,False,003726.npy
False,,,0.0,,,False,003727.npy
False,,,0.0,,,False,003728.npy
False,,,0.0,,,False,003729.npy
False,,,0.0,,,False,003730.npy
False,,,0.0,,,False,003731.npy
False,,,0.0,,,False,003732.npy
False,,,0.0,,,False,003733.npy
False,,,0.0,,,False,003734.npy
False,,,0.0,,,False,003735.npy
False,,,0.0,,,False,003736.npy
False,,,0.0,,,False,003737.npy
False,,,0.0,,,False,003738.npy
False,,,0.0,,,False,003739.npy
False,,,0.0,,,False,003740.npy
False,,,0.0,,,False,003741.npy
False,,,0.0,,,False,003742.npy
False,,,0.0,,,False,003743.npy
False,,,0.0,,,False,003744.npy
False,,,0.0,,,False,003745.npy
False,,,0.0,,,False,003746.npy
False,,,0.0,,,False,003747.npy
False,,,0.0,,,False,003748.npy
False,,,0.0,,,False,003749.npy
False,,,0.0,,,False,003750.npy
False,,,0.0,,,False,003751.npy
False,,,0.0,,,False,003752.npy
False,,,0.0,,,False,003753.npy
False,,,0.0,,,False,003754.npy
False,,,0.0,,,False,003755.npy
False,,,0.0,,,False,003756.npy
False,,,0.0,,,False,003757.npy
False,,,0.0,,,False,003758.npy
False,,,0.0,,,False,003759.npy
False,,,0.0,,,False,003760.npy
False,,,0.0,,,False,003761.npy
False,,,0.0,,,False,003762.npy
False,,,0.0,,,False,003763.npy
False,,,0.0,,,False,003764.npy
False,,,0.0,,,False,003765.npy
False,,,0.0,,,False,003766.npy
False,,,0.0,,,False,003767.npy
False,,,0.0,,,False,003768.npy
False,,,0.0,,,False,003769.npy
False,,,0.0,,,False,003770.npy
False,,,0.0,,,False,003771.npy
False,,,0.0,,,False,003772.npy
False,,,0.0,,,False,003773.npy
False,,,0.0,,,False,003774.npy
False,,,0.0,,,False,003775.npy
False,,,0.0,,,False,003776.npy
False,,,0.0,,,False,003777.npy
False,,,0.0,,,False,003778.npy
False,,,0.0,,,False,003779.npy
False,,,0.0,,,False,003780.npy
False,,,0.0,,,False,003781.npy
False,,,0.0,,,False,003782.npy
False,,,0.0,,,False,003783.npy
False,,,0.0,,,False,003784.npy
False,,,0.0,,,False,003785.npy
False,,,0.0,,,False,003786.npy
False,,,0.0,,,False,003787.npy
False,,,0.0,,,False,003788.npy
False,,,0.0,,,False,003789.npy
False,,,0.0,,,False,003790.npy
False,,,0.0,,,False,003791.npy
False,,,0.0,,,False,003792.npy
False,,,0.0,,,False,003793.npy
False,,,0.0,,,False,003794.npy
False,,,0.0,,,False,003795.npy
False,,,0.0,,,False,003796.npy
False,,,0.0,,,False,003797.npy
False,,,0.0,,,False,003798.npy
False,,,0.0,,,False,003799.npy
False,,,0.0,,,False,003800.npy
False,,,0.0,,,False,003801.npy
False,,,0.0,,,False,003802.npy
False,,,0.0,,,False,003803.npy
False,,,0.0,,,False,003804.npy
False,,,0.0,,,False,003805.npy
False,,,0.0,,,False,003806.npy
False,,,0.0,,,False,003807.npy
False,,,0.0,,,False,003808.npy
False,,,0.0,,,False,003809.npy
False,,,0.0,,,False,003810.npy
False,,,0.0,,,False,003811.npy
False,,,0.0,,,False,003812.npy
False,,,0.0,,,False,003813.npy
False,,,0.0,,,False,003814.npy
False,,,0.0,,,False,003815.npy
False,,,0.0,,,False,003816.npy
False,,,0.0,,,False,003817.npy
False,,,0.0,,,False,003818.npy
False,,,0.0,,,False,003819.npy
False,,,0.0,,,False,003820.npy
False,,,0.0,,,False,003821.npy
False,,,0.0,,,False,003822.npy
False,,,0.0,,,False,003823.npy
False,,,0.0,,,False,003824.npy
False,,,0.0,,,False,003825.npy
False,,,0.0,,,False,003826.npy
False,,,0.0,,,False,003827.npy
False,,,0.0,,,False,003828.npy
False,,,0.0,,,False,003829.npy
False,,,0.0,,,False,003830.npy
False,,,0.0,,,False,003831.npy
False,,,0.0,,,False,003832.npy
False,,,0.0,,,False,003833.npy
False,,,0.0,,,False,003834.npy
False,,,0.0,,,False,003835.npy
False,,,0.0,,,False,003836.npy
False,,,0.0,,,False,003837.npy
False,,,0.0,,,False,003838.npy
False,,,0.0,,,False,003839.npy
False,,,0.0,,,False,003840.npy
False,,,0.0,,,False,003841.npy
False,,,0.0,,,False,003842.npy
False,,,0.0,,,False,003843.npy
False,,,0.0,,,False,003844.npy
False,,,0.0,,,False,003845.npy
False,,,0.0,,,False,003846.npy
False,,,0.0,,,False,003847.npy
False,,,0.0,,,False,003848.npy
False,,,0.0,,,False,003849.npy
False,,,0.0,,,False,003850.npy
False,,,0.0,,,False,003851.npy
False,,,0.0,,,False,003852.npy
False,,,0.0,,,False,003853.npy
False,,,0.0,,,False,003854.npy
False,,,0.0,,,False,003855.npy
False,,,0.0,,,False,003856.npy
False,,,0.0,,,False,003857.npy
False,,,0.0,,,False,003858.npy
False,,,0.0,,,False,003859.npy
False,,,0.0,,,False,003860.npy
False,,,0.0,,,False,003861.npy
False,,,0.0,,,False,003862.npy
False,,,0.0,,,False,003863.npy
False,,,0.0,,,False,003864.npy
False,,,0.0,,,False,003865.npy
False,,,0.0,,,False,003866.npy
False,,,0.0,,,False,003867.npy
False,,,0.0,,,False,003868.npy
False,,,0.0,,,False,003869.npy
False,,,0.0,,,False,003870.npy
False,,,0.0,,,False,003871.npy
False,,,0.0,,,False,003872.npy
False,,,0.0,,,False,003873.npy
False,,,0.0,,,False,003874.npy
False,,,0.0,,,False,003875.npy
False,,,0.0,,,False,003876.npy
False,,,0.0,,,False,003877.npy
False,,,0.0,,,False,003878.npy
False,,,0.0,,,False,003879.npy
False,,,0.0,,,False,003880.npy
False,,,0.0,,,False,003881.npy
False,,,0.0,,,False,003882.npy
False,,,0.0,,,False,003883.npy
False,,,0.0,,,False,003884.npy
False,,,0.0,,,False,003885.npy
False,,,0.0,,,False,003886.npy
False,,,0.0,,,False,003887.npy
False,,,0.0,,,False,003888.npy
False,,,0.0,,,False,003889.npy
False,,,0.0,,,False,003890.npy
False,,,0.0,,,False,003891.npy
False,,,0.0,,,False,003892.npy
False,,,0.0,,,False,003893.npy
False,,,0.0,,,False,003894.npy
False,,,0.0,,,False,003895.npy
False,,,0.0,,,False,003896.npy
False,,,0.0,,,False,003897.npy
False,,,0.0,,,False,003898.npy
False,,,0.0,,,False,003899.npy
False,,,0.0,,,False,003900.npy
False,,,0.0,,,False,003901.npy
False,,,0.0,,,False,003902.npy
False,,,0.0,,,False,003903.npy
False,,,0.0,,,False,003904.npy
False,,,0.0,,,False,003905.npy
False,,,0.0,,,False,003906.npy
False,,,0.0,,,False,003907.npy
False,,,0.0,,,False,003908.npy
False,,,0.0,,,False,003909.npy
True,81.0,below,0.6796875,0.9350911378860474,0.9042744252873564,False,003910.npy
False,,,0.0,,,False,003911.npy
False,,,0.0,,,False,003912.npy
False,,,0.0,,,False,003913.npy
False,,,0.0,,,False,003914.npy
True,51.0,below,0.796875,0.8772201538085938,0.8240655637254902,False,003915.npy
False,,,0.0,,,False,003916.npy
False,,,0.0,,,False,003917.npy
False,,,0.0,,,False,003918.npy
False,,,0.0,,,False,003919.npy
False,,,0.0,,,False,003920.npy
False,,,0.0,,,False,003921.npy
False,,,0.0,,,False,003922.npy
True,81.0,below,0.6796875,0.9113078713417053,0.8565463362068966,False,003923.npy
False,,,0.0,,,False,003924.npy
False,,,0.0,,,False,003925.npy
False,,,0.0,,,False,003926.npy
False,,,0.0,,,False,003927.npy
False,,,0.0,,,False,003928.npy
False,,,0.0,,,False,003929.npy
False,,,0.0,,,False,003930.npy
False,,,0.0,,,False,003931.npy
False,,,0.0,,,False,003932.npy
False,,,0.0,,,False,003933.npy
False,,,0.0,,,False,003934.npy
False,,,0.0,,,False,003935.npy
False,,,0.0,,,False,003936.npy
False,,,0.0,,,False,003937.npy
False,,,0.0,,,False,003938.npy
False,,,0.0,,,False,003939.npy
False,,,0.0,,,False,003940.npy
False,,,0.0,,,False,003941.npy
False,,,0.0,,,False,003942.npy
False,,,0.0,,,False,003943.npy
False,,,0.0,,,False,003944.npy
False,,,0.0,,,False,003945.npy
False,,,0.0,,,False,003946.npy
False,,,0.0,,,False,003947.npy
False,,,0.0,,,False,003948.npy
False,,,0.0,,,False,003949.npy
False,,,0.0,,,False,003950.npy
False,,,0.0,,,False,003951.npy
False,,,0.0,,,False,003952.npy
False,,,0.0,,,False,003953.npy
False,,,0.0,,,False,003954.npy
False,,,0.0,,,False,003955.npy
False,,,0.0,,,False,003956.npy
False,,,0.0,,,False,003957.npy
False,,,0.0,,,False,003958.npy
False,,,0.0,,,False,003959.npy
False,,,0.0,,,False,003960.npy
False,,,0.0,,,False,003961.npy
False,,,0.0,,,False,003962.npy
False,,,0.0,,,False,003963.npy
False,,,0.0,,,False,003964.npy
False,,,0.0,,,False,003965.npy
False,,,0.0,,,False,003966.npy
False,,,0.0,,,False,003967.npy
False,,,0.0,,,False,003968.npy
False,,,0.0,,,False,003969.npy
False,,,0.0,,,False,003970.npy
False,,,0.0,,,False,003971.npy
False,,,0.0,,,False,003972.npy
False,,,0.0,,,False,003973.npy
False,,,0.0,,,False,003974.npy
False,,,0.0,,,False,003975.npy
False,,,0.0,,,False,003976.npy
False,,,0.0,,,False,003977.npy
False,,,0.0,,,False,003978.npy
False,,,0.0,,,False,003979.npy
False,,,0.0,,,False,003980.npy
False,,,0.0,,,False,003981.npy
False,,,0.0,,,False,003982.npy
False,,,0.0,,,False,003983.npy
False,,,0.0,,,False,003984.npy
False,,,0.0,,,False,003985.npy
False,,,0.0,,,False,003986.npy
False,,,0.0,,,False,003987.npy
False,,,0.0,,,False,003988.npy
False,,,0.0,,,False,003989.npy
False,,,0.0,,,False,003990.npy
False,,,0.0,,,False,003991.npy
False,,,0.0,,,False,003992.npy
False,,,0.0,,,False,003993.npy
False,,,0.0,,,False,003994.npy
False,,,0.0,,,False,003995.npy
False,,,0.0,,,False,003996.npy
False,,,0.0,,,False,003997.npy
False,,,0.0,,,False,003998.npy
False,,,0.0,,,False,003999.npy
False,,,0.0,,,False,004000.npy
False,,,0.0,,,False,004001.npy
False,,,0.0,,,False,004002.npy
False,,,0.0,,,False,004003.npy
False,,,0.0,,,False,004004.npy
False,,,0.0,,,False,004005.npy
False,,,0.0,,,False,004006.npy
False,,,0.0,,,False,004007.npy
False,,,0.0,,,False,004008.npy
False,,,0.0,,,False,004009.npy
False,,,0.0,,,False,004010.npy
False,,,0.0,,,False,004011.npy
False,,,0.0,,,False,004012.npy
False,,,0.0,,,False,004013.npy
False,,,0.0,,,False,004014.npy
False,,,0.0,,,False,004015.npy
False,,,0.0,,,False,004016.npy
False,,,0.0,,,False,004017.npy
False,,,0.0,,,False,004018.npy
False,,,0.0,,,False,004019.npy
False,,,0.0,,,False,004020.npy
False,,,0.0,,,False,004021.npy
False,,,0.0,,,False,004022.npy
False,,,0.0,,,False,004023.npy
False,,,0.0,,,False,004024.npy
False,,,0.0,,,False,004025.npy
False,,,0.0,,,False,004026.npy
False,,,0.0,,,False,004027.npy
False,,,0.0,,,False,004028.npy
False,,,0.0,,,False,004029.npy
False,,,0.0,,,False,004030.npy
False,,,0.0,,,False,004031.npy
False,,,0.0,,,False,004032.npy
False,,,0.0,,,False,004033.npy
False,,,0.0,,,False,004034.npy
False,,,0.0,,,False,004035.npy
False,,,0.0,,,False,004036.npy
False,,,0.0,,,False,004037.npy
False,,,0.0,,,False,004038.npy
False,,,0.0,,,False,004039.npy
False,,,0.0,,,False,004040.npy
False,,,0.0,,,False,004041.npy
False,,,0.0,,,False,004042.npy
False,,,0.0,,,False,004043.npy
False,,,0.0,,,False,004044.npy
False,,,0.0,,,False,004045.npy
False,,,0.0,,,False,004046.npy
False,,,0.0,,,False,004047.npy
False,,,0.0,,,False,004048.npy
False,,,0.0,,,False,004049.npy
False,,,0.0,,,False,004050.npy
False,,,0.0,,,False,004051.npy
False,,,0.0,,,False,004052.npy
False,,,0.0,,,False,004053.npy
False,,,0.0,,,False,004054.npy
False,,,0.0,,,False,004055.npy
False,,,0.0,,,False,004056.npy
False,,,0.0,,,False,004057.npy
False,,,0.0,,,False,004058.npy
False,,,0.0,,,False,004059.npy
False,,,0.0,,,False,004060.npy
False,,,0.0,,,False,004061.npy
False,,,0.0,,,False,004062.npy
False,,,0.0,,,False,004063.npy
False,,,0.0,,,False,004064.npy
False,,,0.0,,,False,004065.npy
False,,,0.0,,,False,004066.npy
False,,,0.0,,,False,004067.npy
False,,,0.0,,,False,004068.npy
False,,,0.0,,,False,004069.npy
False,,,0.0,,,False,004070.npy
False,,,0.0,,,False,004071.npy
False,,,0.0,,,False,004072.npy
False,,,0.0,,,False,004073.npy
False,,,0.0,,,False,004074.npy
False,,,0.0,,,False,004075.npy
False,,,0.0,,,False,004076.npy
False,,,0.0,,,False,004077.npy
False,,,0.0,,,False,004078.npy
False,,,0.0,,,False,004079.npy
False,,,0.0,,,False,004080.npy
False,,,0.0,,,False,004081.npy
False,,,0.0,,,False,004082.npy
False,,,0.0,,,False,004083.npy
False,,,0.0,,,False,004084.npy
False,,,0.0,,,False,004085.npy
False,,,0.0,,,False,004086.npy
False,,,0.0,,,False,004087.npy
False,,,0.0,,,False,004088.npy
False,,,0.0,,,False,004089.npy
False,,,0.0,,,False,004090.npy
False,,,0.0,,,False,004091.npy
False,,,0.0,,,False,004092.npy
False,,,0.0,,,False,004093.npy
False,,,0.0,,,False,004094.npy
False,,,0.0,,,False,004095.npy
False,,,0.0,,,False,004096.npy
False,,,0.0,,,False,004097.npy
False,,,0.0,,,False,004098.npy
False,,,0.0,,,False,004099.npy
False,,,0.0,,,False,004100.npy
False,,,0.0,,,False,004101.npy
False,,,0.0,,,False,004102.npy
False,,,0.0,,,False,004103.npy
False,,,0.0,,,False,004104.npy
False,,,0.0,,,False,004105.npy
False,,,0.0,,,False,004106.npy
False,,,0.0,,,False,004107.npy
False,,,0.0,,,False,004108.npy
False,,,0.0,,,False,004109.npy
False,,,0.0,,,False,004110.npy
False,,,0.0,,,False,004111.npy
False,,,0.0,,,False,004112.npy
False,,,0.0,,,False,004113.npy
False,,,0.0,,,False,004114.npy
False,,,0.0,,,False,004115.npy
False,,,0.0,,,False,004116.npy
False,,,0.0,,,False,004117.npy
False,,,0.0,,,False,004118.npy
False,,,0.0,,,False,004119.npy
False,,,0.0,,,False,004120.npy
False,,,0.0,,,False,004121.npy
False,,,0.0,,,False,004122.npy
False,,,0.0,,,False,004123.npy
False,,,0.0,,,False,004124.npy
False,,,0.0,,,False,004125.npy
False,,,0.0,,,False,004126.npy
False,,,0.0,,,False,004127.npy
False,,,0.0,,,False,004128.npy
False,,,0.0,,,False,004129.npy
False,,,0.0,,,False,004130.npy
False,,,0.0,,,False,004131.npy
False,,,0.0,,,False,004132.npy
False,,,0.0,,,False,004133.npy
False,,,0.0,,,False,004134.npy
False,,,0.0,,,False,004135.npy
False,,,0.0,,,False,004136.npy
False,,,0.0,,,False,004137.npy
False,,,0.0,,,False,004138.npy
False,,,0.0,,,False,004139.npy
False,,,0.0,,,False,004140.npy
False,,,0.0,,,False,004141.npy
False,,,0.0,,,False,004142.npy
False,,,0.0,,,False,004143.npy
False,,,0.0,,,False,004144.npy
False,,,0.0,,,False,004145.npy
False,,,0.0,,,False,004146.npy
False,,,0.0,,,False,004147.npy
False,,,0.0,,,False,004148.npy
False,,,0.0,,,False,004149.npy
False,,,0.0,,,False,004150.npy
False,,,0.0,,,False,004151.npy
False,,,0.0,,,False,004152.npy
False,,,0.0,,,False,004153.npy
False,,,0.0,,,False,004154.npy
False,,,0.0,,,False,004155.npy
False,,,0.0,,,False,004156.npy
False,,,0.0,,,False,004157.npy
False,,,0.0,,,False,004158.npy
False,,,0.0,,,False,004159.npy
False,,,0.0,,,False,004160.npy
False,,,0.0,,,False,004161.npy
False,,,0.0,,,False,004162.npy
False,,,0.0,,,False,004163.npy
False,,,0.0,,,False,004164.npy
False,,,0.0,,,False,004165.npy
False,,,0.0,,,False,004166.npy
False,,,0.0,,,False,004167.npy
False,,,0.0,,,False,004168.npy
False,,,0.0,,,False,004169.npy
False,,,0.0,,,False,004170.npy
False,,,0.0,,,False,004171.npy
False,,,0.0,,,False,004172.npy
False,,,0.0,,,False,004173.npy
False,,,0.0,,,False,004174.npy
False,,,0.0,,,False,004175.npy
False,,,0.0,,,False,004176.npy
False,,,0.0,,,False,004177.npy
False,,,0.0,,,False,004178.npy
False,,,0.0,,,False,004179.npy
False,,,0.0,,,False,004180.npy
False,,,0.0,,,False,004181.npy
False,,,0.0,,,False,004182.npy
False,,,0.0,,,False,004183.npy
False,,,0.0,,,False,004184.npy
False,,,0.0,,,False,004185.npy
False,,,0.0,,,False,004186.npy
False,,,0.0,,,False,004187.npy
False,,,0.0,,,False,004188.npy
False,,,0.0,,,False,004189.npy
False,,,0.0,,,False,004190.npy
False,,,0.0,,,False,004191.npy
False,,,0.0,,,False,004192.npy
False,,,0.0,,,False,004193.npy
False,,,0.0,,,False,004194.npy
False,,,0.0,,,False,004195.npy
False,,,0.0,,,False,004196.npy
False,,,0.0,,,False,004197.npy
False,,,0.0,,,False,004198.npy
False,,,0.0,,,False,004199.npy
False,,,0.0,,,False,004200.npy
False,,,0.0,,,False,004201.npy
False,,,0.0,,,False,004202.npy
False,,,0.0,,,False,004203.npy
False,,,0.0,,,False,004204.npy
False,,,0.0,,,False,004205.npy
False,,,0.0,,,False,004206.npy
False,,,0.0,,,False,004207.npy
False,,,0.0,,,False,004208.npy
False,,,0.0,,,False,004209.npy
False,,,0.0,,,False,004210.npy
False,,,0.0,,,False,004211.npy
False,,,0.0,,,False,004212.npy
False,,,0.0,,,False,004213.npy
False,,,0.0,,,False,004214.npy
False,,,0.0,,,False,004215.npy
False,,,0.0,,,False,004216.npy
False,,,0.0,,,False,004217.npy
False,,,0.0,,,False,004218.npy
False,,,0.0,,,False,004219.npy
False,,,0.0,,,False,004220.npy
False,,,0.0,,,False,004221.npy
False,,,0.0,,,False,004222.npy
False,,,0.0,,,False,004223.npy
False,,,0.0,,,False,004224.npy
False,,,0.0,,,False,004225.npy
False,,,0.0,,,False,004226.npy
False,,,0.0,,,False,004227.npy
False,,,0.0,,,False,004228.npy
False,,,0.0,,,False,004229.npy
False,,,0.0,,,False,004230.npy
False,,,0.0,,,False,004231.npy
False,,,0.0,,,False,004232.npy
False,,,0.0,,,False,004233.npy
False,,,0.0,,,False,004234.npy
False,,,0.0,,,False,004235.npy
False,,,0.0,,,False,004236.npy
False,,,0.0,,,False,004237.npy
False,,,0.0,,,False,004238.npy
False,,,0.0,,,False,004239.npy
False,,,0.0,,,False,004240.npy
False,,,0.0,,,False,004241.npy
False,,,0.0,,,False,004242.npy
False,,,0.0,,,False,004243.npy
False,,,0.0,,,False,004244.npy
False,,,0.0,,,False,004245.npy
False,,,0.0,,,False,004246.npy
False,,,0.0,,,False,004247.npy
False,,,0.0,,,False,004248.npy
False,,,0.0,,,False,004249.npy
False,,,0.0,,,False,004250.npy
False,,,0.0,,,False,004251.npy
False,,,0.0,,,False,004252.npy
False,,,0.0,,,False,004253.npy
False,,,0.0,,,False,004254.npy
False,,,0.0,,,False,004255.npy
False,,,0.0,,,False,004256.npy
False,,,0.0,,,False,004257.npy
False,,,0.0,,,False,004258.npy
False,,,0.0,,,False,004259.npy
False,,,0.0,,,False,004260.npy
False,,,0.0,,,False,004261.npy
False,,,0.0,,,False,004262.npy
False,,,0.0,,,False,004263.npy
False,,,0.0,,,False,004264.npy
False,,,0.0,,,False,004265.npy
False,,,0.0,,,False,004266.npy
False,,,0.0,,,False,004267.npy
False,,,0.0,,,False,004268.npy
False,,,0.0,,,False,004269.npy
False,,,0.0,,,False,004270.npy
False,,,0.0,,,False,004271.npy
False,,,0.0,,,False,004272.npy
False,,,0.0,,,False,004273.npy
False,,,0.0,,,False,004274.npy
False,,,0.0,,,False,004275.npy
False,,,0.0,,,False,004276.npy
False,,,0.0,,,False,004277.npy
False,,,0.0,,,False,004278.npy
False,,,0.0,,,False,004279.npy
False,,,0.0,,,False,004280.npy
False,,,0.0,,,False,004281.npy
False,,,0.0,,,False,004282.npy
False,,,0.0,,,False,004283.npy
False,,,0.0,,,False,004284.npy
False,,,0.0,,,False,004285.npy
False,,,0.0,,,False,004286.npy
True,247.0,below,0.03125,0.7497431635856628,0.75,False,004287.npy
False,,,0.0,,,False,004288.npy
False,,,0.0,,,False,004289.npy
False,,,0.0,,,False,004290.npy
False,,,0.0,,,False,004291.npy
False,,,0.0,,,False,004292.npy
False,,,0.0,,,False,004293.npy
False,,,0.0,,,False,004294.npy
False,,,0.0,,,False,004295.npy
False,,,0.0,,,False,004296.npy
False,,,0.0,,,False,004297.npy
False,,,0.0,,,False,004298.npy
False,,,0.0,,,False,004299.npy
False,,,0.0,,,False,004300.npy
False,,,0.0,,,False,004301.npy
False,,,0.0,,,False,004302.npy
False,,,0.0,,,False,004303.npy
False,,,0.0,,,False,004304.npy
False,,,0.0,,,False,004305.npy
False,,,0.0,,,False,004306.npy
False,,,0.0,,,False,004307.npy
False,,,0.0,,,False,004308.npy
False,,,0.0,,,False,004309.npy
False,,,0.0,,,False,004310.npy
False,,,0.0,,,False,004311.npy
False,,,0.0,,,False,004312.npy
False,,,0.0,,,False,004313.npy
False,,,0.0,,,False,004314.npy
False,,,0.0,,,False,004315.npy
False,,,0.0,,,False,004316.npy
False,,,0.0,,,False,004317.npy
False,,,0.0,,,False,004318.npy
False,,,0.0,,,False,004319.npy
False,,,0.0,,,False,004320.npy
False,,,0.0,,,False,004321.npy
False,,,0.0,,,False,004322.npy
False,,,0.0,,,False,004323.npy
False,,,0.0,,,False,004324.npy
False,,,0.0,,,False,004325.npy
True,35.0,below,0.859375,0.8453118801116943,0.7744850852272728,False,004326.npy
False,,,0.0,,,False,004327.npy
False,,,0.0,,,False,004328.npy
False,,,0.0,,,False,004329.npy
False,,,0.0,,,False,004330.npy
False,,,0.0,,,False,004331.npy
False,,,0.0,,,False,004332.npy
False,,,0.0,,,False,004333.npy
False,,,0.0,,,False,004334.npy
False,,,0.0,,,False,004335.npy
False,,,0.0,,,False,004336.npy
False,,,0.0,,,False,004337.npy
False,,,0.0,,,False,004338.npy
False,,,0.0,,,False,004339.npy
False,,,0.0,,,False,004340.npy
False,,,0.0,,,False,004341.npy
False,,,0.0,,,False,004342.npy
False,,,0.0,,,False,004343.npy
False,,,0.0,,,False,004344.npy
False,,,0.0,,,False,004345.npy
False,,,0.0,,,False,004346.npy
False,,,0.0,,,False,004347.npy
False,,,0.0,,,False,004348.npy
False,,,0.0,,,False,004349.npy
False,,,0.0,,,False,004350.npy
False,,,0.0,,,False,004351.npy
False,,,0.0,,,False,004352.npy
False,,,0.0,,,False,004353.npy
False,,,0.0,,,False,004354.npy
False,,,0.0,,,False,004355.npy
False,,,0.0,,,False,004356.npy
False,,,0.0,,,False,004357.npy
False,,,0.0,,,False,004358.npy
False,,,0.0,,,False,004359.npy
False,,,0.0,,,False,004360.npy
False,,,0.0,,,False,004361.npy
False,,,0.0,,,False,004362.npy
False,,,0.0,,,False,004363.npy
False,,,0.0,,,False,004364.npy
False,,,0.0,,,False,004365.npy
False,,,0.0,,,False,004366.npy
False,,,0.0,,,False,004367.npy
False,,,0.0,,,False,004368.npy
False,,,0.0,,,False,004369.npy
False,,,0.0,,,False,004370.npy
False,,,0.0,,,False,004371.npy
False,,,0.0,,,False,004372.npy
False,,,0.0,,,False,004373.npy
False,,,0.0,,,False,004374.npy
False,,,0.0,,,False,004375.npy
False,,,0.0,,,False,004376.npy
False,,,0.0,,,False,004377.npy
False,,,0.0,,,False,004378.npy
False,,,0.0,,,False,004379.npy
False,,,0.0,,,False,004380.npy
False,,,0.0,,,False,004381.npy
False,,,0.0,,,False,004382.npy
False,,,0.0,,,False,004383.npy
False,,,0.0,,,False,004384.npy
False,,,0.0,,,False,004385.npy
False,,,0.0,,,False,004386.npy
False,,,0.0,,,False,004387.npy
False,,,0.0,,,False,004388.npy
False,,,0.0,,,False,004389.npy
False,,,0.0,,,False,004390.npy
False,,,0.0,,,False,004391.npy
False,,,0.0,,,False,004392.npy
False,,,0.0,,,False,004393.npy
False,,,0.0,,,False,004394.npy
False,,,0.0,,,False,004395.npy
False,,,0.0,,,False,004396.npy
False,,,0.0,,,False,004397.npy
False,,,0.0,,,False,004398.npy
False,,,0.0,,,False,004399.npy
False,,,0.0,,,False,004400.npy
False,,,0.0,,,False,004401.npy
False,,,0.0,,,False,004402.npy
False,,,0.0,,,False,004403.npy
False,,,0.0,,,False,004404.npy
False,,,0.0,,,False,004405.npy
False,,,0.0,,,False,004406.npy
False,,,0.0,,,False,004407.npy
False,,,0.0,,,False,004408.npy
False,,,0.0,,,False,004409.npy
False,,,0.0,,,False,004410.npy
False,,,0.0,,,False,004411.npy
False,,,0.0,,,False,004412.npy
False,,,0.0,,,False,004413.npy
False,,,0.0,,,False,004414.npy
False,,,0.0,,,False,004415.npy
False,,,0.0,,,False,004416.npy
False,,,0.0,,,False,004417.npy
False,,,0.0,,,False,004418.npy
False,,,0.0,,,False,004419.npy
False,,,0.0,,,False,004420.npy
False,,,0.0,,,False,004421.npy
False,,,0.0,,,False,004422.npy
False,,,0.0,,,False,004423.npy
False,,,0.0,,,False,004424.npy
False,,,0.0,,,False,004425.npy
False,,,0.0,,,False,004426.npy
False,,,0.0,,,False,004427.npy
False,,,0.0,,,False,004428.npy
False,,,0.0,,,False,004429.npy
False,,,0.0,,,False,004430.npy
False,,,0.0,,,False,004431.npy
False,,,0.0,,,False,004432.npy
False,,,0.0,,,False,004433.npy
False,,,0.0,,,False,004434.npy
False,,,0.0,,,False,004435.npy
False,,,0.0,,,False,004436.npy
False,,,0.0,,,False,004437.npy
False,,,0.0,,,False,004438.npy
False,,,0.0,,,False,004439.npy
False,,,0.0,,,False,004440.npy
False,,,0.0,,,False,004441.npy
False,,,0.0,,,False,004442.npy
False,,,0.0,,,False,004443.npy
False,,,0.0,,,False,004444.npy
False,,,0.0,,,False,004445.npy
False,,,0.0,,,False,004446.npy
False,,,0.0,,,False,004447.npy
False,,,0.0,,,False,004448.npy
False,,,0.0,,,False,004449.npy
False,,,0.0,,,False,004450.npy
False,,,0.0,,,False,004451.npy
False,,,0.0,,,False,004452.npy
False,,,0.0,,,False,004453.npy
False,,,0.0,,,False,004454.npy
False,,,0.0,,,False,004455.npy
False,,,0.0,,,False,004456.npy
False,,,0.0,,,False,004457.npy
False,,,0.0,,,False,004458.npy
False,,,0.0,,,False,004459.npy
False,,,0.0,,,False,004460.npy
False,,,0.0,,,False,004461.npy
False,,,0.0,,,False,004462.npy
False,,,0.0,,,False,004463.npy
False,,,0.0,,,False,004464.npy
False,,,0.0,,,False,004465.npy
False,,,0.0,,,False,004466.npy
False,,,0.0,,,False,004467.npy
False,,,0.0,,,False,004468.npy
False,,,0.0,,,False,004469.npy
False,,,0.0,,,False,004470.npy
False,,,0.0,,,False,004471.npy
False,,,0.0,,,False,004472.npy
False,,,0.0,,,False,004473.npy
False,,,0.0,,,False,004474.npy
False,,,0.0,,,False,004475.npy
False,,,0.0,,,False,004476.npy
False,,,0.0,,,False,004477.npy
False,,,0.0,,,False,004478.npy
False,,,0.0,,,False,004479.npy
False,,,0.0,,,False,004480.npy
False,,,0.0,,,False,004481.npy
False,,,0.0,,,False,004482.npy
False,,,0.0,,,False,004483.npy
False,,,0.0,,,False,004484.npy
False,,,0.0,,,False,004485.npy
False,,,0.0,,,False,004486.npy
False,,,0.0,,,False,004487.npy
False,,,0.0,,,False,004488.npy
False,,,0.0,,,False,004489.npy
False,,,0.0,,,False,004490.npy
False,,,0.0,,,False,004491.npy
False,,,0.0,,,False,004492.npy
False,,,0.0,,,False,004493.npy
False,,,0.0,,,False,004494.npy
False,,,0.0,,,False,004495.npy
False,,,0.0,,,False,004496.npy
False,,,0.0,,,False,004497.npy
False,,,0.0,,,False,004498.npy
False,,,0.0,,,False,004499.npy
False,,,0.0,,,False,004500.npy
False,,,0.0,,,False,004501.npy
False,,,0.0,,,False,004502.npy
False,,,0.0,,,False,004503.npy
False,,,0.0,,,False,004504.npy
False,,,0.0,,,False,004505.npy
False,,,0.0,,,False,004506.npy
False,,,0.0,,,False,004507.npy
False,,,0.0,,,False,004508.npy
False,,,0.0,,,False,004509.npy
False,,,0.0,,,False,004510.npy
False,,,0.0,,,False,004511.npy
False,,,0.0,,,False,004512.npy
False,,,0.0,,,False,004513.npy
False,,,0.0,,,False,004514.npy
False,,,0.0,,,False,004515.npy
False,,,0.0,,,False,004516.npy
False,,,0.0,,,False,004517.npy
False,,,0.0,,,False,004518.npy
False,,,0.0,,,False,004519.npy
False,,,0.0,,,False,004520.npy
False,,,0.0,,,False,004521.npy
False,,,0.0,,,False,004522.npy
False,,,0.0,,,False,004523.npy
False,,,0.0,,,False,004524.npy
False,,,0.0,,,False,004525.npy
False,,,0.0,,,False,004526.npy
False,,,0.0,,,False,004527.npy
False,,,0.0,,,False,004528.npy
False,,,0.0,,,False,004529.npy
False,,,0.0,,,False,004530.npy
False,,,0.0,,,False,004531.npy
False,,,0.0,,,False,004532.npy
False,,,0.0,,,False,004533.npy
False,,,0.0,,,False,004534.npy
False,,,0.0,,,False,004535.npy
False,,,0.0,,,False,004536.npy
False,,,0.0,,,False,004537.npy
False,,,0.0,,,False,004538.npy
False,,,0.0,,,False,004539.npy
False,,,0.0,,,False,004540.npy
False,,,0.0,,,False,004541.npy
False,,,0.0,,,False,004542.npy
False,,,0.0,,,False,004543.npy
False,,,0.0,,,False,004544.npy
False,,,0.0,,,False,004545.npy
False,,,0.0,,,False,004546.npy
False,,,0.0,,,False,004547.npy
False,,,0.0,,,False,004548.npy
False,,,0.0,,,False,004549.npy
False,,,0.0,,,False,004550.npy
False,,,0.0,,,False,004551.npy
False,,,0.0,,,False,004552.npy
False,,,0.0,,,False,004553.npy
False,,,0.0,,,False,004554.npy
False,,,0.0,,,False,004555.npy
False,,,0.0,,,False,004556.npy
False,,,0.0,,,False,004557.npy
False,,,0.0,,,False,004558.npy
False,,,0.0,,,False,004559.npy
False,,,0.0,,,False,004560.npy
False,,,0.0,,,False,004561.npy
False,,,0.0,,,False,004562.npy
False,,,0.0,,,False,004563.npy
False,,,0.0,,,False,004564.npy
False,,,0.0,,,False,004565.npy
False,,,0.0,,,False,004566.npy
False,,,0.0,,,False,004567.npy
False,,,0.0,,,False,004568.npy
False,,,0.0,,,False,004569.npy
False,,,0.0,,,False,004570.npy
False,,,0.0,,,False,004571.npy
False,,,0.0,,,False,004572.npy
False,,,0.0,,,False,004573.npy
False,,,0.0,,,False,004574.npy
False,,,0.0,,,False,004575.npy
False,,,0.0,,,False,004576.npy
False,,,0.0,,,False,004577.npy
False,,,0.0,,,False,004578.npy
False,,,0.0,,,False,004579.npy
False,,,0.0,,,False,004580.npy
False,,,0.0,,,False,004581.npy
False,,,0.0,,,False,004582.npy
False,,,0.0,,,False,004583.npy
False,,,0.0,,,False,004584.npy
False,,,0.0,,,False,004585.npy
False,,,0.0,,,False,004586.npy
False,,,0.0,,,False,004587.npy
False,,,0.0,,,False,004588.npy
False,,,0.0,,,False,004589.npy
False,,,0.0,,,False,004590.npy
False,,,0.0,,,False,004591.npy
False,,,0.0,,,False,004592.npy
False,,,0.0,,,False,004593.npy
False,,,0.0,,,False,004594.npy
False,,,0.0,,,False,004595.npy
False,,,0.0,,,False,004596.npy
False,,,0.0,,,False,004597.npy
False,,,0.0,,,False,004598.npy
False,,,0.0,,,False,004599.npy
False,,,0.0,,,False,004600.npy
False,,,0.0,,,False,004601.npy
False,,,0.0,,,False,004602.npy
False,,,0.0,,,False,004603.npy
False,,,0.0,,,False,004604.npy
False,,,0.0,,,False,004605.npy
False,,,0.0,,,False,004606.npy
False,,,0.0,,,False,004607.npy
False,,,0.0,,,False,004608.npy
False,,,0.0,,,False,004609.npy
False,,,0.0,,,False,004610.npy
False,,,0.0,,,False,004611.npy
False,,,0.0,,,False,004612.npy
False,,,0.0,,,False,004613.npy
False,,,0.0,,,False,004614.npy
False,,,0.0,,,False,004615.npy
False,,,0.0,,,False,004616.npy
False,,,0.0,,,False,004617.npy
False,,,0.0,,,False,004618.npy
False,,,0.0,,,False,004619.npy
False,,,0.0,,,False,004620.npy
False,,,0.0,,,False,004621.npy
False,,,0.0,,,False,004622.npy
False,,,0.0,,,False,004623.npy
False,,,0.0,,,False,004624.npy
False,,,0.0,,,False,004625.npy
False,,,0.0,,,False,004626.npy
False,,,0.0,,,False,004627.npy
False,,,0.0,,,False,004628.npy
False,,,0.0,,,False,004629.npy
False,,,0.0,,,False,004630.npy
False,,,0.0,,,False,004631.npy
False,,,0.0,,,False,004632.npy
False,,,0.0,,,False,004633.npy
False,,,0.0,,,False,004634.npy
False,,,0.0,,,False,004635.npy
False,,,0.0,,,False,004636.npy
False,,,0.0,,,False,004637.npy
False,,,0.0,,,False,004638.npy
False,,,0.0,,,False,004639.npy
False,,,0.0,,,False,004640.npy
False,,,0.0,,,False,004641.npy
False,,,0.0,,,False,004642.npy
False,,,0.0,,,False,004643.npy
False,,,0.0,,,False,004644.npy
False,,,0.0,,,False,004645.npy
False,,,0.0,,,False,004646.npy
False,,,0.0,,,False,004647.npy
False,,,0.0,,,False,004648.npy
False,,,0.0,,,False,004649.npy
False,,,0.0,,,False,004650.npy
False,,,0.0,,,False,004651.npy
False,,,0.0,,,False,004652.npy
False,,,0.0,,,False,004653.npy
False,,,0.0,,,False,004654.npy
False,,,0.0,,,False,004655.npy
False,,,0.0,,,False,004656.npy
False,,,0.0,,,False,004657.npy
False,,,0.0,,,False,004658.npy
False,,,0.0,,,False,004659.npy
False,,,0.0,,,False,004660.npy
False,,,0.0,,,False,004661.npy
False,,,0.0,,,False,004662.npy
False,,,0.0,,,False,004663.npy
False,,,0.0,,,False,004664.npy
False,,,0.0,,,False,004665.npy
False,,,0.0,,,False,004666.npy
False,,,0.0,,,False,004667.npy
False,,,0.0,,,False,004668.npy
False,,,0.0,,,False,004669.npy
False,,,0.0,,,False,004670.npy
False,,,0.0,,,False,004671.npy
False,,,0.0,,,False,004672.npy
False,,,0.0,,,False,004673.npy
False,,,0.0,,,False,004674.npy
False,,,0.0,,,False,004675.npy
False,,,0.0,,,False,004676.npy
False,,,0.0,,,False,004677.npy
False,,,0.0,,,False,004678.npy
False,,,0.0,,,False,004679.npy
False,,,0.0,,,False,004680.npy
False,,,0.0,,,False,004681.npy
False,,,0.0,,,False,004682.npy
False,,,0.0,,,False,004683.npy
False,,,0.0,,,False,004684.npy
False,,,0.0,,,False,004685.npy
False,,,0.0,,,False,004686.npy
False,,,0.0,,,False,004687.npy
False,,,0.0,,,False,004688.npy
False,,,0.0,,,False,004689.npy
False,,,0.0,,,False,004690.npy
False,,,0.0,,,False,004691.npy
False,,,0.0,,,False,004692.npy
False,,,0.0,,,False,004693.npy
False,,,0.0,,,False,004694.npy
False,,,0.0,,,False,004695.npy
False,,,0.0,,,False,004696.npy
False,,,0.0,,,False,004697.npy
False,,,0.0,,,False,004698.npy
False,,,0.0,,,False,004699.npy
False,,,0.0,,,False,004700.npy
False,,,0.0,,,False,004701.npy
False,,,0.0,,,False,004702.npy
False,,,0.0,,,False,004703.npy
False,,,0.0,,,False,004704.npy
False,,,0.0,,,False,004705.npy
False,,,0.0,,,False,004706.npy
False,,,0.0,,,False,004707.npy
False,,,0.0,,,False,004708.npy
False,,,0.0,,,False,004709.npy
False,,,0.0,,,False,004710.npy
False,,,0.0,,,False,004711.npy
False,,,0.0,,,False,004712.npy
False,,,0.0,,,False,004713.npy
False,,,0.0,,,False,004714.npy
False,,,0.0,,,False,004715.npy
False,,,0.0,,,False,004716.npy
False,,,0.0,,,False,004717.npy
False,,,0.0,,,False,004718.npy
False,,,0.0,,,False,004719.npy
False,,,0.0,,,False,004720.npy
False,,,0.0,,,False,004721.npy
False,,,0.0,,,False,004722.npy
False,,,0.0,,,False,004723.npy
False,,,0.0,,,False,004724.npy
False,,,0.0,,,False,004725.npy
False,,,0.0,,,False,004726.npy
False,,,0.0,,,False,004727.npy
False,,,0.0,,,False,004728.npy
False,,,0.0,,,False,004729.npy
False,,,0.0,,,False,004730.npy
False,,,0.0,,,False,004731.npy
False,,,0.0,,,False,004732.npy
False,,,0.0,,,False,004733.npy
False,,,0.0,,,False,004734.npy
False,,,0.0,,,False,004735.npy
False,,,0.0,,,False,004736.npy
False,,,0.0,,,False,004737.npy
False,,,0.0,,,False,004738.npy
False,,,0.0,,,False,004739.npy
False,,,0.0,,,False,004740.npy
False,,,0.0,,,False,004741.npy
False,,,0.0,,,False,004742.npy
False,,,0.0,,,False,004743.npy
False,,,0.0,,,False,004744.npy
False,,,0.0,,,False,004745.npy
False,,,0.0,,,False,004746.npy
False,,,0.0,,,False,004747.npy
False,,,0.0,,,False,004748.npy
False,,,0.0,,,False,004749.npy
False,,,0.0,,,False,004750.npy
False,,,0.0,,,False,004751.npy
False,,,0.0,,,False,004752.npy
False,,,0.0,,,False,004753.npy
False,,,0.0,,,False,004754.npy
False,,,0.0,,,False,004755.npy
False,,,0.0,,,False,004756.npy
False,,,0.0,,,False,004757.npy
False,,,0.0,,,False,004758.npy
False,,,0.0,,,False,004759.npy
False,,,0.0,,,False,004760.npy
False,,,0.0,,,False,004761.npy
False,,,0.0,,,False,004762.npy
False,,,0.0,,,False,004763.npy
False,,,0.0,,,False,004764.npy
False,,,0.0,,,False,004765.npy
False,,,0.0,,,False,004766.npy
False,,,0.0,,,False,004767.npy
False,,,0.0,,,False,004768.npy
False,,,0.0,,,False,004769.npy
False,,,0.0,,,False,004770.npy
False,,,0.0,,,False,004771.npy
False,,,0.0,,,False,004772.npy
False,,,0.0,,,False,004773.npy
False,,,0.0,,,False,004774.npy
False,,,0.0,,,False,004775.npy
False,,,0.0,,,False,004776.npy
False,,,0.0,,,False,004777.npy
False,,,0.0,,,False,004778.npy
False,,,0.0,,,False,004779.npy
False,,,0.0,,,False,004780.npy
False,,,0.0,,,False,004781.npy
False,,,0.0,,,False,004782.npy
False,,,0.0,,,False,004783.npy
False,,,0.0,,,False,004784.npy
